Crash ID,Adj ADT,At Intersection Flag,ADT,ADT Year,City,Contributing Factors,Control Section,CS Milepoint,Crash Date,Death Count,Month,NonSusp Serious Inj,Possible Inj,Crash Severity,Susp Serious Inj,Crash Time,Total Inj,Year,Day of Week,DFO,Fatal Crash Flag,First Harmful Event,Hwy Lane Design,Hour,Intersecting Hwy Number,Intersecting Street Name,Intersection Related,Latitude,Light Condition,Located Flag,Longitude,Manner of Collision,Median Type,Entering Roads,Number of Lanes,Object Struck,On System Flag,Other Factor,Population Group,Private Drive Flag,Ref Marker,RM Offset,Road Class,Roadway Alignment,Roadway Function,Roadway Relation,Roadway Type,Rural Flag,Speed Limit,Street Name,Surface Condition,Traffic Control Type,Weather Condition
15662433,12050,False,12050,2023,OUTSIDE CITY LIMITS,FAILED TO CONTROL SPEED; FOLLOWED TOO CLOSELY,226303,13.691,2017-03-17,0,3,0,0,A - SUSPECTED SERIOUS INJURY,1,1616,1,2017,FRIDAY,21.41,0,OVERTURNED,TWO-WAY,16:00 - 16:59,,N/A,NON INTERSECTION,27.78417058,DAYLIGHT,YES,-97.10115514,ONE MOTOR VEHICLE - GOING STRAIGHT,NO MEDIAN,THREE ENTERING ROADS - T,5,OVERTURNED,True,CONSTRUCTION - WITHIN POSTED ROAD CONSTRUCTION ZONE (NOT RELATED TO CRASH),RURAL,NO,0626,-0.302,US & STATE HIGHWAYS,"STRAIGHT, LEVEL",MINOR ARTERIAL,ON ROADWAY,"4 OR MORE LANES, UNDIVIDED",True,60,SH0361,DRY,OFFICER,CLEAR
15663461,12050,False,12050,2023,PORT ARANSAS,DISTRACTION IN VEHICLE; DRIVER INATTENTION; FOLLOWED TOO CLOSELY,226303,12.63,2017-03-17,0,3,0,0,N - NOT INJURED,0,1759,0,2017,FRIDAY,20.349,0,MOTOR VEHICLE IN TRANSPORT,BOULEVARD,17:00 - 17:59,,UNKNOWN,INTERSECTION RELATED,27.79650688,DAYLIGHT,YES,-97.09076694,SAME DIRECTION - ONE STRAIGHT-ONE STOPPED,CURBED,THREE ENTERING ROADS - T,4,NOT APPLICABLE,True,CONSTRUCTION - WITHIN POSTED ROAD CONSTRUCTION ZONE (NOT RELATED TO CRASH),"2,500 - 4,999 POP",NO,0624,0.599,US & STATE HIGHWAYS,"STRAIGHT, LEVEL",MINOR ARTERIAL,ON ROADWAY,"4 OR MORE LANES, DIVIDED",True,55,SH0361,DRY,STOP SIGN,CLEAR
15654549,15893,False,15893,2023,PORT ARANSAS,FAILED TO CONTROL SPEED; HAD BEEN DRINKING,226303,11.829,2017-03-18,0,3,0,1,C - POSSIBLE INJURY,0,1908,1,2017,SATURDAY,19.548,0,MOTOR VEHICLE IN TRANSPORT,BOULEVARD,19:00 - 19:59,,N/A,NON INTERSECTION,27.80582787,DAYLIGHT,YES,-97.08293774,SAME DIRECTION - ONE STRAIGHT-ONE STOPPED,CURBED,FOUR ENTERING ROADS,4,NOT APPLICABLE,True,CONSTRUCTION - WITHIN POSTED ROAD CONSTRUCTION ZONE (NOT RELATED TO CRASH),"2,500 - 4,999 POP",NO,0624,-0.202,US & STATE HIGHWAYS,"STRAIGHT, LEVEL",MINOR ARTERIAL,ON ROADWAY,"4 OR MORE LANES, DIVIDED",True,55,SH0361,DRY,SIGNAL LIGHT,CLEAR
15671385,15893,True,15893,2023,PORT ARANSAS,TURNED WHEN UNSAFE,226303,12.016,2017-03-18,0,3,0,0,N - NOT INJURED,0,1717,0,2017,SATURDAY,19.735,0,MOTOR VEHICLE IN TRANSPORT,BOULEVARD,17:00 - 17:59,,UNKNOWN,INTERSECTION RELATED,27.80364928,DAYLIGHT,YES,-97.08476914,SAME DIRECTION - ONE STRAIGHT-ONE LEFT TURN,CURBED,OTHER (EXPLAIN IN NARRATIVE),4,NOT APPLICABLE,True,CONSTRUCTION - WITHIN POSTED ROAD CONSTRUCTION ZONE (NOT RELATED TO CRASH),"2,500 - 4,999 POP",NO,0624,-0.015,US & STATE HIGHWAYS,"STRAIGHT, LEVEL",MINOR ARTERIAL,ON ROADWAY,"4 OR MORE LANES, DIVIDED",True,55,SH0361,DRY,MARKED LANES,CLEAR
15666508,10439,False,10439,2023,CORPUS CHRISTI,FAILED TO DRIVE IN SINGLE LANE,226303,23.648,2017-03-23,0,3,0,0,N - NOT INJURED,0,2048,0,2017,THURSDAY,31.367,0,MOTOR VEHICLE IN TRANSPORT,TWO-WAY,20:00 - 20:59,,N/A,NON INTERSECTION,27.66030584,"DARK, NOT LIGHTED",YES,-97.18498195,OPPOSITE DIRECTION - BOTH GOING STRAIGHT,NO MEDIAN,NOT APPLICABLE,5,NOT APPLICABLE,True,CONSTRUCTION - WITHIN POSTED ROAD CONSTRUCTION ZONE (NOT RELATED TO CRASH),"250,000 POP AND OVER",NO,0636,-0.316,US & STATE HIGHWAYS,"STRAIGHT, LEVEL",MINOR ARTERIAL,ON ROADWAY,"4 OR MORE LANES, UNDIVIDED",False,55,SH0361,DRY,CENTER STRIPE/DIVIDER,CLOUDY
15673584,12050,True,12050,2023,CORPUS CHRISTI,DRIVER INATTENTION,226303,16.313,2017-03-30,0,3,1,0,B - SUSPECTED MINOR INJURY,0,1115,1,2017,THURSDAY,24.032,0,OVERTURNED,TWO-WAY,11:00 - 11:59,,UNKNOWN,INTERSECTION,27.75170383,DAYLIGHT,YES,-97.12350049,ONE MOTOR VEHICLE - GOING STRAIGHT,NO MEDIAN,OTHER (EXPLAIN IN NARRATIVE),5,OVERTURNED,True,CONSTRUCTION - WITHIN POSTED ROAD CONSTRUCTION ZONE (NOT RELATED TO CRASH),"250,000 POP AND OVER",NO,0628,0.331,US & STATE HIGHWAYS,"STRAIGHT, LEVEL",MINOR ARTERIAL,ON ROADWAY,"4 OR MORE LANES, UNDIVIDED",False,55,SH0361,DRY,OTHER (EXPLAIN IN NARRATIVE),CLEAR
15753350,10439,False,10439,2023,CORPUS CHRISTI,DISTRACTION IN VEHICLE; FAILED TO DRIVE IN SINGLE LANE,226303,22.159,2017-05-02,0,5,1,0,B - SUSPECTED MINOR INJURY,0,1510,1,2017,TUESDAY,29.878,0,MOTOR VEHICLE IN TRANSPORT,TWO-WAY,15:00 - 15:59,,N/A,NON INTERSECTION,27.67887631,DAYLIGHT,YES,-97.17252595,SAME DIRECTION - ONE STRAIGHT-ONE STOPPED,NO MEDIAN,NOT APPLICABLE,5,NOT APPLICABLE,True,ATTENTION DIVERTED FROM DRIVING,"250,000 POP AND OVER",NO,0634,0.195,US & STATE HIGHWAYS,"STRAIGHT, LEVEL",MINOR ARTERIAL,SHOULDER,"4 OR MORE LANES, UNDIVIDED",False,60,SH0361,DRY,MARKED LANES,CLEAR
15749855,12050,False,12050,2023,CORPUS CHRISTI,NONE,226303,16.97,2017-05-05,0,5,0,0,N - NOT INJURED,0,1317,0,2017,FRIDAY,24.689,0,MOTOR VEHICLE IN TRANSPORT,TWO-WAY,13:00 - 13:59,,N/A,NON INTERSECTION,27.74351448,DAYLIGHT,YES,-97.12899813,SAME DIRECTION - ONE STRAIGHT-ONE LEFT TURN,NO MEDIAN,NOT APPLICABLE,5,NOT APPLICABLE,True,CONSTRUCTION - WITHIN POSTED ROAD CONSTRUCTION ZONE (NOT RELATED TO CRASH),"250,000 POP AND OVER",NO,0628,0.988,US & STATE HIGHWAYS,"STRAIGHT, LEVEL",MINOR ARTERIAL,ON ROADWAY,"4 OR MORE LANES, UNDIVIDED",False,55,SH0361,DRY,OTHER (EXPLAIN IN NARRATIVE),CLEAR
15757820,12050,False,12050,2023,CORPUS CHRISTI,FAILED TO CONTROL SPEED; HAD BEEN DRINKING,226303,16.306,2017-05-05,0,5,1,0,B - SUSPECTED MINOR INJURY,0,0014,1,2017,FRIDAY,24.025,0,FIXED OBJECT,TWO-WAY,00:00 - 00:59,,N/A,NON INTERSECTION,27.75178569,"DARK, LIGHTED",YES,-97.12344518,ONE MOTOR VEHICLE - GOING STRAIGHT,NO MEDIAN,NOT APPLICABLE,5,HIT UTILITY POLE,True,CONSTRUCTION-WITHIN POSTED ROAD CONSTRUCTION ZONE (RELATED TO CRASH),"250,000 POP AND OVER",NO,0628,0.324,US & STATE HIGHWAYS,"STRAIGHT, LEVEL",MINOR ARTERIAL,OFF ROADWAY,"4 OR MORE LANES, UNDIVIDED",False,55,SH0361,DRY,MARKED LANES,CLEAR
15848891,12050,False,12050,2023,CORPUS CHRISTI,DRIVER INATTENTION; TURNED WHEN UNSAFE,226303,17.992,2017-05-05,0,5,0,0,N - NOT INJURED,0,1330,0,2017,FRIDAY,25.711,0,MOTOR VEHICLE IN TRANSPORT,TWO-WAY,13:00 - 13:59,,N/A,NON INTERSECTION,27.73078866,DAYLIGHT,YES,-97.1375735,SAME DIRECTION - ONE STRAIGHT-ONE LEFT TURN,NO MEDIAN,NOT APPLICABLE,5,NOT APPLICABLE,True,CONSTRUCTION-WITHIN POSTED ROAD CONSTRUCTION ZONE (RELATED TO CRASH),"250,000 POP AND OVER",NO,0630,-0.021,US & STATE HIGHWAYS,"STRAIGHT, LEVEL",MINOR ARTERIAL,ON ROADWAY,"4 OR MORE LANES, UNDIVIDED",False,-1,SH0361,DRY,NONE,CLEAR
15770778,10439,False,10439,2023,CORPUS CHRISTI,FAILED TO DRIVE IN SINGLE LANE,226303,27.489,2017-05-15,0,5,0,0,N - NOT INJURED,0,1457,0,2017,MONDAY,35.208,0,MOTOR VEHICLE IN TRANSPORT,TWO-WAY,14:00 - 14:59,,PARK ROAD 22,INTERSECTION,27.61788742,DAYLIGHT,YES,-97.22162159,SAME DIRECTION - BOTH RIGHT TURN,NO MEDIAN,NOT APPLICABLE,5,NOT APPLICABLE,True,NOT APPLICABLE,"250,000 POP AND OVER",NO,0638,1.526,US & STATE HIGHWAYS,"CURVE, LEVEL",MINOR ARTERIAL,ON ROADWAY,"4 OR MORE LANES, UNDIVIDED",False,40,SH0361,DRY,MARKED LANES,CLEAR
15803580,10439,False,10439,2023,CORPUS CHRISTI,FAILED TO DRIVE IN SINGLE LANE,226303,23.747,2017-06-05,0,6,0,1,C - POSSIBLE INJURY,0,0440,1,2017,MONDAY,31.466,0,FIXED OBJECT,TWO-WAY,04:00 - 04:59,,N/A,NON INTERSECTION,27.65907658,"DARK, NOT LIGHTED",YES,-97.18580497,ONE MOTOR VEHICLE - GOING STRAIGHT,NO MEDIAN,NOT APPLICABLE,5,HIT UTILITY POLE,True,SWERVED OR VEERED-REASON NOT SPECIFIED,"250,000 POP AND OVER",NO,0636,-0.217,US & STATE HIGHWAYS,"STRAIGHT, LEVEL",MINOR ARTERIAL,OFF ROADWAY,"4 OR MORE LANES, UNDIVIDED",False,60,SH0361,DRY,CENTER STRIPE/DIVIDER,CLEAR
15808478,10439,False,10439,2023,CORPUS CHRISTI,FAILED TO CONTROL SPEED,226303,27.403,2017-06-11,0,6,0,2,C - POSSIBLE INJURY,0,0017,2,2017,SUNDAY,35.122,0,MOTOR VEHICLE IN TRANSPORT,TWO-WAY,00:00 - 00:59,,N/A,NON INTERSECTION,27.61786761,"DARK, NOT LIGHTED",YES,-97.22022566,SAME DIRECTION - BOTH GOING STRAIGHT-REAR END,NO MEDIAN,NOT APPLICABLE,5,NOT APPLICABLE,True,NOT APPLICABLE,"250,000 POP AND OVER",NO,0638,1.44,US & STATE HIGHWAYS,"STRAIGHT, HILLCREST",MINOR ARTERIAL,ON ROADWAY,"4 OR MORE LANES, UNDIVIDED",False,65,SH0361,DRY,CENTER STRIPE/DIVIDER,CLEAR
15816598,12050,False,12050,2023,CORPUS CHRISTI,FAILED TO YIELD RIGHT OF WAY - TURNING LEFT,226303,14.553,2017-06-13,0,6,0,0,N - NOT INJURED,0,0901,0,2017,TUESDAY,22.272,0,MOTOR VEHICLE IN TRANSPORT,TWO-WAY,09:00 - 09:59,,N/A,DRIVEWAY ACCESS,27.77361862,DAYLIGHT,YES,-97.10869214,OPPOSITE DIRECTION - ONE STRAIGHT-ONE LEFT TURN,NO MEDIAN,THREE ENTERING ROADS - T,5,NOT APPLICABLE,True,CONSTRUCTION-WITHIN POSTED ROAD CONSTRUCTION ZONE (RELATED TO CRASH),"250,000 POP AND OVER",NO,0626,0.56,US & STATE HIGHWAYS,"STRAIGHT, LEVEL",MINOR ARTERIAL,ON ROADWAY,"4 OR MORE LANES, UNDIVIDED",False,55,SH0361,DRY,STOP SIGN,CLEAR
15828479,12050,True,12050,2023,CORPUS CHRISTI,NONE,226303,14.466,2017-06-16,0,6,1,0,B - SUSPECTED MINOR INJURY,0,0827,1,2017,FRIDAY,22.185,0,OVERTURNED,TWO-WAY,08:00 - 08:59,,UNKNOWN,INTERSECTION RELATED,27.77470103,DAYLIGHT,YES,-97.10796073,ONE MOTOR VEHICLE - GOING STRAIGHT,NO MEDIAN,THREE ENTERING ROADS - T,5,OVERTURNED,True,CONSTRUCTION - WITHIN POSTED ROAD CONSTRUCTION ZONE (NOT RELATED TO CRASH),"250,000 POP AND OVER",NO,0626,0.473,US & STATE HIGHWAYS,"STRAIGHT, LEVEL",MINOR ARTERIAL,OFF ROADWAY,"4 OR MORE LANES, UNDIVIDED",False,55,SH0361,DRY,WARNING SIGN,CLEAR
15823982,12050,False,12050,2023,CORPUS CHRISTI,TURNED WHEN UNSAFE,226303,18.994,2017-06-19,0,6,1,0,B - SUSPECTED MINOR INJURY,0,1227,1,2017,MONDAY,26.713,0,OTHER OBJECT,TWO-WAY,12:00 - 12:59,,N/A,NON INTERSECTION,27.71830048,DAYLIGHT,YES,-97.14598497,ONE MOTOR VEHICLE - GOING STRAIGHT,NO MEDIAN,NOT APPLICABLE,5,"HIT WORK ZONE BARRICADE, CONES, SIGNS OR MATERIAL",True,CONSTRUCTION-WITHIN POSTED ROAD CONSTRUCTION ZONE (RELATED TO CRASH),"250,000 POP AND OVER",NO,0632,-0.97,US & STATE HIGHWAYS,"STRAIGHT, LEVEL",MINOR ARTERIAL,ON ROADWAY,"4 OR MORE LANES, UNDIVIDED",False,55,SH0361,SNOW,CENTER STRIPE/DIVIDER,CLEAR
15861615,12050,False,12050,2023,CORPUS CHRISTI,DRIVER INATTENTION;FOLLOWED TOO CLOSELY;UNSAFE SPEED,226303,15.323,2017-07-07,0,7,0,0,N - NOT INJURED,0,1434,0,2017,FRIDAY,23.042,0,MOTOR VEHICLE IN TRANSPORT,TWO-WAY,14:00 - 14:59,,N/A,NON INTERSECTION,27.76402907,DAYLIGHT,YES,-97.11517203,SAME DIRECTION - BOTH GOING STRAIGHT-REAR END,NO MEDIAN,NOT APPLICABLE,5,NOT APPLICABLE,True,CONSTRUCTION-WITHIN POSTED ROAD CONSTRUCTION ZONE (RELATED TO CRASH),"250,000 POP AND OVER",NO,0628,-0.659,US & STATE HIGHWAYS,"STRAIGHT, LEVEL",MINOR ARTERIAL,ON ROADWAY,"4 OR MORE LANES, UNDIVIDED",False,55,SH0361,DRY,CENTER STRIPE/DIVIDER,CLEAR
15868874,10439,False,10439,2023,CORPUS CHRISTI,FAILED TO CONTROL SPEED,226303,23.648,2017-07-16,0,7,2,0,B - SUSPECTED MINOR INJURY,0,1119,2,2017,SUNDAY,31.367,0,MOTOR VEHICLE IN TRANSPORT,TWO-WAY,11:00 - 11:59,,N/A,NON INTERSECTION,27.66030584,DAYLIGHT,YES,-97.18498195,SAME DIRECTION - ONE STRAIGHT-ONE STOPPED,NO MEDIAN,NOT APPLICABLE,5,NOT APPLICABLE,True,SLOWING/STOPPING-FOR TRAFFIC,"250,000 POP AND OVER",NO,0636,-0.316,US & STATE HIGHWAYS,"STRAIGHT, LEVEL",MINOR ARTERIAL,ON ROADWAY,"4 OR MORE LANES, UNDIVIDED",False,60,SH0361,WET,CENTER STRIPE/DIVIDER,RAIN
15868914,12050,False,12050,2023,OUTSIDE CITY LIMITS,DRIVER INATTENTION;FAILED TO YIELD RIGHT OF WAY - TURNING LEFT,226303,13.618,2017-07-17,0,7,0,0,N - NOT INJURED,0,0824,0,2017,MONDAY,21.337,0,MOTOR VEHICLE IN TRANSPORT,TWO-WAY,08:00 - 08:59,,N/A,DRIVEWAY ACCESS,27.78501838,DAYLIGHT,YES,-97.10043752,OPPOSITE DIRECTION - ONE STRAIGHT-ONE LEFT TURN,NO MEDIAN,THREE ENTERING ROADS - T,5,NOT APPLICABLE,True,CONSTRUCTION - WITHIN POSTED ROAD CONSTRUCTION ZONE (NOT RELATED TO CRASH),RURAL,NO,0626,-0.375,US & STATE HIGHWAYS,"STRAIGHT, LEVEL",MINOR ARTERIAL,ON ROADWAY,"4 OR MORE LANES, UNDIVIDED",True,55,SH0361,DRY,NONE,CLOUDY
15868929,15893,True,15893,2023,PORT ARANSAS,DRIVER INATTENTION,226303,12.309,2017-07-17,0,7,0,0,N - NOT INJURED,0,1410,0,2017,MONDAY,20.028,0,MOTOR VEHICLE IN TRANSPORT,BOULEVARD,14:00 - 14:59,,MUSTANG BLVD,INTERSECTION RELATED,27.80023347,DAYLIGHT,YES,-97.08764061,SAME DIRECTION - BOTH GOING STRAIGHT-REAR END,CURBED,THREE ENTERING ROADS - T,4,NOT APPLICABLE,True,CONSTRUCTION - WITHIN POSTED ROAD CONSTRUCTION ZONE (NOT RELATED TO CRASH),"2,500 - 4,999 POP",NO,0624,0.278,US & STATE HIGHWAYS,"STRAIGHT, LEVEL",MINOR ARTERIAL,ON ROADWAY,"4 OR MORE LANES, DIVIDED",True,55,SH0361,DRY,SIGNAL LIGHT,CLEAR
15877668,15893,True,15893,2023,PORT ARANSAS,FAILED TO CONTROL SPEED; UNDER INFLUENCE - ALCOHOL,226303,11.782,2017-07-22,0,7,0,0,N - NOT INJURED,0,2053,0,2017,SATURDAY,19.501,0,MOTOR VEHICLE IN TRANSPORT,BOULEVARD,20:00 - 20:59,,ACCESS ROAD 1 A,INTERSECTION RELATED,27.80637738,"DARK, LIGHTED",YES,-97.0824751,SAME DIRECTION - ONE STRAIGHT-ONE STOPPED,CURBED,FOUR ENTERING ROADS,4,NOT APPLICABLE,True,CONSTRUCTION - WITHIN POSTED ROAD CONSTRUCTION ZONE (NOT RELATED TO CRASH),"2,500 - 4,999 POP",NO,0624,-0.249,US & STATE HIGHWAYS,"STRAIGHT, LEVEL",MINOR ARTERIAL,ON ROADWAY,"4 OR MORE LANES, DIVIDED",True,55,SH0361,DRY,SIGNAL LIGHT,CLEAR
15879810,10439,False,10439,2023,CORPUS CHRISTI,NONE,226303,24.384,2017-07-24,0,7,0,0,N - NOT INJURED,0,2104,0,2017,MONDAY,32.103,0,FIXED OBJECT,TWO-WAY,21:00 - 21:59,,N/A,NON INTERSECTION,27.65113329,"DARK, LIGHTED",YES,-97.1911442,ONE MOTOR VEHICLE - GOING STRAIGHT,NO MEDIAN,NOT APPLICABLE,5,HIT OTHER FIXED OBJECT,True,CRASH OCCURRED ON A BEACH,"250,000 POP AND OVER",NO,0636,0.42,US & STATE HIGHWAYS,"STRAIGHT, LEVEL",MINOR ARTERIAL,OFF ROADWAY,"4 OR MORE LANES, UNDIVIDED",False,15,SH0361,"SAND, MUD, DIRT",NONE,CLEAR
15895032,10439,False,10439,2023,CORPUS CHRISTI,CHANGED LANE WHEN UNSAFE,226303,27.384,2017-07-27,0,7,0,0,N - NOT INJURED,0,2050,0,2017,THURSDAY,35.103,0,MOTOR VEHICLE IN TRANSPORT,TWO-WAY,20:00 - 20:59,,N/A,NON INTERSECTION,27.61786271,"DARK, NOT LIGHTED",YES,-97.21991765,SAME DIRECTION - BOTH GOING STRAIGHT-SIDESWIPE,NO MEDIAN,NOT APPLICABLE,5,NOT APPLICABLE,True,VEHICLE CHANGING LANES,"250,000 POP AND OVER",NO,0638,1.421,US & STATE HIGHWAYS,"STRAIGHT, GRADE",MINOR ARTERIAL,ON ROADWAY,"4 OR MORE LANES, UNDIVIDED",False,55,SH0361,DRY,CENTER STRIPE/DIVIDER,CLEAR
15914896,10439,False,10439,2023,CORPUS CHRISTI,FAILED TO DRIVE IN SINGLE LANE,226303,26.498,2017-07-30,0,7,0,2,C - POSSIBLE INJURY,0,1837,2,2017,SUNDAY,34.217,0,MOTOR VEHICLE IN TRANSPORT,TWO-WAY,18:00 - 18:59,,N/A,NON INTERSECTION,27.62479077,DAYLIGHT,YES,-97.20884991,OPPOSITE DIRECTION - BOTH GOING STRAIGHT,NO MEDIAN,NOT APPLICABLE,5,NOT APPLICABLE,True,NOT APPLICABLE,"250,000 POP AND OVER",NO,0638,0.535,US & STATE HIGHWAYS,"STRAIGHT, LEVEL",MINOR ARTERIAL,ON ROADWAY,"4 OR MORE LANES, UNDIVIDED",False,60,SH0361,DRY,MARKED LANES,CLEAR
15895085,10439,True,10439,2023,CORPUS CHRISTI,DRIVER INATTENTION;FAILED TO YIELD RIGHT OF WAY - TURNING LEFT,226303,27.498,2017-08-01,0,8,0,0,N - NOT INJURED,0,2056,0,2017,TUESDAY,35.217,0,MOTOR VEHICLE IN TRANSPORT,TWO-WAY,20:00 - 20:59,0022,PR0022,INTERSECTION,27.6178894,"DARK, LIGHTED",YES,-97.22177124,OPPOSITE DIRECTION - ONE STRAIGHT-ONE LEFT TURN,NO MEDIAN,NOT APPLICABLE,5,NOT APPLICABLE,True,ATTENTION DIVERTED FROM DRIVING,"250,000 POP AND OVER",NO,0638,1.535,US & STATE HIGHWAYS,"STRAIGHT, LEVEL",MINOR ARTERIAL,ON ROADWAY,"4 OR MORE LANES, UNDIVIDED",False,50,SH0361,DRY,SIGNAL LIGHT,CLEAR
15921135,10439,True,10439,2023,CORPUS CHRISTI,FAILED TO YIELD RIGHT OF WAY - STOP SIGN,226303,26.723,2017-08-10,0,8,2,2,B - SUSPECTED MINOR INJURY,0,2234,4,2017,THURSDAY,34.442,0,MOTOR VEHICLE IN TRANSPORT,TWO-WAY,22:00 - 22:59,,ZAHN RD,INTERSECTION,27.62201986,"DARK, LIGHTED",YES,-97.21077788,ANGLE - BOTH GOING STRAIGHT,NO MEDIAN,THREE ENTERING ROADS - T,5,NOT APPLICABLE,True,NOT APPLICABLE,"250,000 POP AND OVER",NO,0638,0.76,US & STATE HIGHWAYS,"STRAIGHT, LEVEL",MINOR ARTERIAL,ON ROADWAY,"4 OR MORE LANES, UNDIVIDED",False,60,SH0361,DRY,STOP SIGN,CLEAR
15926978,15893,True,15893,2023,PORT ARANSAS,DRIVER INATTENTION; UNDER INFLUENCE - ALCOHOL,226303,11.782,2017-08-16,0,8,0,0,N - NOT INJURED,0,1055,0,2017,WEDNESDAY,19.501,0,MOTOR VEHICLE IN TRANSPORT,BOULEVARD,10:00 - 10:59,,ACCESS ROAD 1 A,INTERSECTION RELATED,27.80637738,DAYLIGHT,YES,-97.0824751,SAME DIRECTION - ONE STRAIGHT-ONE STOPPED,CURBED,FOUR ENTERING ROADS,4,NOT APPLICABLE,True,"SLOWING/STOPPING - FOR OFFICER, FLAGMAN, OR TRAFFIC CONTROL","2,500 - 4,999 POP",NO,0624,-0.249,US & STATE HIGHWAYS,"STRAIGHT, LEVEL",MINOR ARTERIAL,ON ROADWAY,"4 OR MORE LANES, DIVIDED",True,55,SH0361,DRY,SIGNAL LIGHT,CLEAR
15946290,10439,False,10439,2023,CORPUS CHRISTI,FAILED TO YIELD RIGHT OF WAY - PRIVATE DRIVE,226303,27.46,2017-09-02,0,9,0,0,N - NOT INJURED,0,0955,0,2017,SATURDAY,35.179,0,MOTOR VEHICLE IN TRANSPORT,TWO-WAY,09:00 - 09:59,,N/A,DRIVEWAY ACCESS,27.61788081,DAYLIGHT,YES,-97.22115549,ANGLE - ONE STRAIGHT-ONE LEFT TURN,NO MEDIAN,NOT APPLICABLE,5,NOT APPLICABLE,True,ONE VEHICLE LEAVING DRIVEWAY,"250,000 POP AND OVER",NO,0638,1.497,US & STATE HIGHWAYS,"STRAIGHT, LEVEL",MINOR ARTERIAL,ON ROADWAY,"4 OR MORE LANES, UNDIVIDED",False,55,SH0361,DRY,CENTER STRIPE/DIVIDER,CLOUDY
15948262,10439,False,10439,2023,CORPUS CHRISTI,FAILED TO YIELD RIGHT OF WAY - TURNING LEFT,226303,26.624,2017-09-02,0,9,0,0,N - NOT INJURED,0,2020,0,2017,SATURDAY,34.343,0,MOTOR VEHICLE IN TRANSPORT,TWO-WAY,20:00 - 20:59,,N/A,NON INTERSECTION,27.62324216,"DARK, NOT LIGHTED",YES,-97.20992454,OPPOSITE DIRECTION - ONE STRAIGHT-ONE LEFT TURN,NO MEDIAN,NOT APPLICABLE,5,NOT APPLICABLE,True,NOT APPLICABLE,"250,000 POP AND OVER",NO,0638,0.661,US & STATE HIGHWAYS,"STRAIGHT, LEVEL",MINOR ARTERIAL,ON ROADWAY,"4 OR MORE LANES, UNDIVIDED",False,60,SH0361,DRY,CENTER STRIPE/DIVIDER,CLEAR
15968424,12050,False,12050,2023,OUTSIDE CITY LIMITS,FAILED TO CONTROL SPEED,226303,13.493,2017-09-12,0,9,0,2,A - SUSPECTED SERIOUS INJURY,1,0906,3,2017,TUESDAY,21.212,0,MOTOR VEHICLE IN TRANSPORT,TWO-WAY,09:00 - 09:59,,N/A,NON INTERSECTION,27.78646538,DAYLIGHT,YES,-97.09921272,SAME DIRECTION - ONE STRAIGHT-ONE STOPPED,NO MEDIAN,THREE ENTERING ROADS - T,5,NOT APPLICABLE,True,CONSTRUCTION - WITHIN POSTED ROAD CONSTRUCTION ZONE (NOT RELATED TO CRASH),RURAL,NO,0626,-0.5,US & STATE HIGHWAYS,"STRAIGHT, LEVEL",MINOR ARTERIAL,ON ROADWAY,"4 OR MORE LANES, UNDIVIDED",True,60,SH0361,DRY,STOP SIGN,CLEAR
15998246,10439,True,10439,2023,CORPUS CHRISTI,DISREGARD STOP AND GO SIGNAL; DRIVER INATTENTION; FAULTY EVASIVE ACTION; TURNED WHEN UNSAFE,226303,27.498,2017-09-29,0,9,0,0,N - NOT INJURED,0,2035,0,2017,FRIDAY,35.217,0,MOTOR VEHICLE IN TRANSPORT,TWO-WAY,20:00 - 20:59,0022,PR0022,INTERSECTION,27.6178894,"DARK, LIGHTED",YES,-97.22177124,OPPOSITE DIRECTION - ONE STRAIGHT-ONE LEFT TURN,NO MEDIAN,NOT APPLICABLE,5,NOT APPLICABLE,True,NOT APPLICABLE,"250,000 POP AND OVER",NO,0638,1.535,US & STATE HIGHWAYS,"STRAIGHT, LEVEL",MINOR ARTERIAL,ON ROADWAY,"4 OR MORE LANES, UNDIVIDED",False,55,SH0361,DRY,SIGNAL LIGHT,CLEAR