Crash ID,Adj ADT,At Intersection Flag,ADT,ADT Year,City,Contributing Factors,Control Section,CS Milepoint,Crash Date,Death Count,Month,NonSusp Serious Inj,Possible Inj,Crash Severity,Susp Serious Inj,Crash Time,Total Inj,Year,Day of Week,DFO,Fatal Crash Flag,First Harmful Event,Hwy Lane Design,Hour,Intersecting Hwy Number,Intersecting Street Name,Intersection Related,Latitude,Light Condition,Located Flag,Longitude,Manner of Collision,Median Type,Entering Roads,Number of Lanes,Object Struck,On System Flag,Other Factor,Population Group,Private Drive Flag,Ref Marker,RM Offset,Road Class,Roadway Alignment,Roadway Function,Roadway Relation,Roadway Type,Rural Flag,Speed Limit,Street Name,Surface Condition,Traffic Control Type,Weather Condition
16032256,12050,False,12050,2023,CORPUS CHRISTI,ANIMAL ON ROAD - WILD,226303,14.673,2017-10-08,0,10,0,0,N - NOT INJURED,0,2300,0,2017,SUNDAY,22.392,0,ANIMAL,TWO-WAY,23:00 - 23:59,,N/A,NON INTERSECTION,27.77211706,"DARK, NOT LIGHTED",YES,-97.10970678,ONE MOTOR VEHICLE - GOING STRAIGHT,NO MEDIAN,THREE ENTERING ROADS - T,5,NOT APPLICABLE,True,NOT APPLICABLE,"250,000 POP AND OVER",NO,0626,0.68,US & STATE HIGHWAYS,"STRAIGHT, LEVEL",MINOR ARTERIAL,ON ROADWAY,"4 OR MORE LANES, UNDIVIDED",False,60,SH0361,DRY,NONE,CLEAR
16026402,12050,False,12050,2023,CORPUS CHRISTI,FAILED TO CONTROL SPEED,226303,17.364,2017-10-13,0,10,0,1,C - POSSIBLE INJURY,0,1310,1,2017,FRIDAY,25.083,0,MOTOR VEHICLE IN TRANSPORT,TWO-WAY,13:00 - 13:59,,N/A,NON INTERSECTION,27.73860792,DAYLIGHT,YES,-97.13229865,SAME DIRECTION - BOTH GOING STRAIGHT-REAR END,NO MEDIAN,NOT APPLICABLE,5,NOT APPLICABLE,True,SLOWING/STOPPING-FOR TRAFFIC,"250,000 POP AND OVER",NO,0630,-0.649,US & STATE HIGHWAYS,"STRAIGHT, LEVEL",MINOR ARTERIAL,ON ROADWAY,"4 OR MORE LANES, UNDIVIDED",False,60,SH0361,DRY,MARKED LANES,CLEAR
16083290,10439,False,10439,2023,CORPUS CHRISTI,CHANGED LANE WHEN UNSAFE,226303,26.498,2017-11-05,0,11,0,1,C - POSSIBLE INJURY,0,1212,1,2017,SUNDAY,34.217,0,MOTOR VEHICLE IN TRANSPORT,TWO-WAY,12:00 - 12:59,,N/A,NON INTERSECTION,27.62479077,DAYLIGHT,YES,-97.20884991,OPPOSITE DIRECTION - BOTH GOING STRAIGHT,NO MEDIAN,NOT APPLICABLE,5,NOT APPLICABLE,True,VEHICLE CHANGING LANES,"250,000 POP AND OVER",NO,0638,0.535,US & STATE HIGHWAYS,"STRAIGHT, LEVEL",MINOR ARTERIAL,ON ROADWAY,"4 OR MORE LANES, UNDIVIDED",False,65,SH0361,DRY,CENTER STRIPE/DIVIDER,CLEAR
16125025,10439,False,10439,2023,CORPUS CHRISTI,ANIMAL ON ROAD - WILD,226303,24.392,2017-11-25,0,11,0,0,N - NOT INJURED,0,1812,0,2017,SATURDAY,32.111,0,ANIMAL,TWO-WAY,18:00 - 18:59,,N/A,NON INTERSECTION,27.65103206,"DARK, NOT LIGHTED",YES,-97.19121206,ONE MOTOR VEHICLE - GOING STRAIGHT,NO MEDIAN,NOT APPLICABLE,5,NOT APPLICABLE,True,NOT APPLICABLE,"250,000 POP AND OVER",NO,0636,0.428,US & STATE HIGHWAYS,"STRAIGHT, LEVEL",MINOR ARTERIAL,ON ROADWAY,"4 OR MORE LANES, UNDIVIDED",False,60,SH0361,DRY,CENTER STRIPE/DIVIDER,CLEAR
16130531,15893,False,15893,2023,PORT ARANSAS,DRIVER INATTENTION; FAILED TO CONTROL SPEED,226303,12.051,2017-12-01,0,12,0,0,N - NOT INJURED,0,0910,0,2017,FRIDAY,19.77,0,MOTOR VEHICLE IN TRANSPORT,BOULEVARD,09:00 - 09:59,,N/A,NON INTERSECTION,27.80324249,DAYLIGHT,YES,-97.08511111,SAME DIRECTION - ONE STRAIGHT-ONE STOPPED,CURBED,NOT APPLICABLE,4,NOT APPLICABLE,True,CONSTRUCTION - WITHIN POSTED ROAD CONSTRUCTION ZONE (NOT RELATED TO CRASH),"2,500 - 4,999 POP",NO,0624,0.02,US & STATE HIGHWAYS,"STRAIGHT, LEVEL",MINOR ARTERIAL,ON ROADWAY,"4 OR MORE LANES, DIVIDED",True,55,SH0361,DRY,NO PASSING ZONE,CLEAR
16130822,15893,False,15893,2023,PORT ARANSAS,FAILED TO CONTROL SPEED; FOLLOWED TOO CLOSELY,226303,12.084,2017-12-05,0,12,0,1,C - POSSIBLE INJURY,0,1234,1,2017,TUESDAY,19.803,0,MOTOR VEHICLE IN TRANSPORT,BOULEVARD,12:00 - 12:59,,N/A,NON INTERSECTION,27.80285272,DAYLIGHT,YES,-97.08543876,SAME DIRECTION - BOTH GOING STRAIGHT-REAR END,CURBED,THREE ENTERING ROADS - T,4,NOT APPLICABLE,True,CONSTRUCTION - WITHIN POSTED ROAD CONSTRUCTION ZONE (NOT RELATED TO CRASH),"2,500 - 4,999 POP",NO,0624,0.053,US & STATE HIGHWAYS,"STRAIGHT, LEVEL",MINOR ARTERIAL,ON ROADWAY,"4 OR MORE LANES, DIVIDED",True,55,SH0361,WET,NONE,RAIN
16180211,10439,True,10439,2023,CORPUS CHRISTI,PEDESTRIAN FAILED TO YIELD RIGHT OF WAY TO VEHICLE,226303,27.498,2017-12-23,0,12,0,0,A - SUSPECTED SERIOUS INJURY,1,1632,1,2017,SATURDAY,35.217,0,PEDESTRIAN,TWO-WAY,16:00 - 16:59,0022,PR0022,INTERSECTION,27.6178894,DAYLIGHT,YES,-97.22177124,ONE MOTOR VEHICLE - GOING STRAIGHT,NO MEDIAN,FOUR ENTERING ROADS,5,NOT APPLICABLE,True,NOT APPLICABLE,"250,000 POP AND OVER",NO,0638,1.535,US & STATE HIGHWAYS,"STRAIGHT, LEVEL",MINOR ARTERIAL,ON ROADWAY,"4 OR MORE LANES, UNDIVIDED",False,45,SH0361,DRY,SIGNAL LIGHT,CLEAR
16186906,12050,False,12050,2023,CORPUS CHRISTI,FAILED TO CONTROL SPEED; FAULTY EVASIVE ACTION,226303,14.521,2018-01-07,0,1,1,0,B - SUSPECTED MINOR INJURY,0,2137,1,2018,SUNDAY,22.24,0,OVERTURNED,TWO-WAY,21:00 - 21:59,,N/A,NON INTERSECTION,27.77401136,"DARK, LIGHTED",YES,-97.10842676,ONE MOTOR VEHICLE - GOING STRAIGHT,NO MEDIAN,NOT APPLICABLE,5,OVERTURNED,True,NOT APPLICABLE,"250,000 POP AND OVER",NO,0626,0.528,US & STATE HIGHWAYS,"STRAIGHT, LEVEL",MINOR ARTERIAL,OFF ROADWAY,"4 OR MORE LANES, UNDIVIDED",False,55,SH0361,DRY,MARKED LANES,CLEAR
16193516,10439,False,10439,2023,CORPUS CHRISTI,FAILED TO DRIVE IN SINGLE LANE,226303,27.46,2018-01-11,0,1,0,0,N - NOT INJURED,0,1046,0,2018,THURSDAY,35.179,0,FIXED OBJECT,TWO-WAY,10:00 - 10:59,,N/A,NON INTERSECTION,27.61788081,DAYLIGHT,YES,-97.22115549,ONE MOTOR VEHICLE - GOING STRAIGHT,NO MEDIAN,NOT APPLICABLE,5,HIT OTHER FIXED OBJECT,True,SWERVED OR VEERED-REASON NOT SPECIFIED,"250,000 POP AND OVER",NO,0638,1.497,US & STATE HIGHWAYS,"STRAIGHT, LEVEL",MINOR ARTERIAL,OFF ROADWAY,"4 OR MORE LANES, UNDIVIDED",False,55,SH0361,DRY,MARKED LANES,CLEAR
16218158,15893,False,15893,2023,PORT ARANSAS,FAILED TO CONTROL SPEED; FAILED TO DRIVE IN SINGLE LANE; UNDER INFLUENCE - ALCOHOL,226303,12.277,2018-01-21,0,1,0,1,C - POSSIBLE INJURY,0,1703,1,2018,SUNDAY,19.996,0,FIXED OBJECT,BOULEVARD,17:00 - 17:59,,N/A,NON INTERSECTION,27.8006038,DAYLIGHT,YES,-97.08732929,ONE MOTOR VEHICLE - GOING STRAIGHT,CURBED,THREE ENTERING ROADS - T,4,HIT HIGHWAY SIGN,True,CONSTRUCTION - WITHIN POSTED ROAD CONSTRUCTION ZONE (NOT RELATED TO CRASH),"2,500 - 4,999 POP",NO,0624,0.246,US & STATE HIGHWAYS,"STRAIGHT, LEVEL",MINOR ARTERIAL,OFF ROADWAY,"4 OR MORE LANES, DIVIDED",True,45,SH0361,DRY,MARKED LANES,CLEAR
16221692,15893,True,15893,2023,PORT ARANSAS,DRIVER INATTENTION;FAILED TO YIELD RIGHT OF WAY - TURNING LEFT;IMPAIRED VISIBILITY (EXPLAIN IN NARRATIVE),226303,11.782,2018-01-29,0,1,0,0,N - NOT INJURED,0,1707,0,2018,MONDAY,19.501,0,MOTOR VEHICLE IN TRANSPORT,BOULEVARD,17:00 - 17:59,,ACCESS ROAD 1 A,INTERSECTION,27.80637738,DAYLIGHT,YES,-97.0824751,OPPOSITE DIRECTION - ONE STRAIGHT-ONE LEFT TURN,CURBED,FOUR ENTERING ROADS,4,NOT APPLICABLE,True,CONSTRUCTION - WITHIN POSTED ROAD CONSTRUCTION ZONE (NOT RELATED TO CRASH),"2,500 - 4,999 POP",NO,0624,-0.249,US & STATE HIGHWAYS,"STRAIGHT, LEVEL",MINOR ARTERIAL,ON ROADWAY,"4 OR MORE LANES, DIVIDED",True,55,SH0361,DRY,SIGNAL LIGHT,CLEAR
16236424,12050,False,12050,2023,CORPUS CHRISTI,FAILED TO CONTROL SPEED,226303,19.152,2018-02-05,0,2,0,1,C - POSSIBLE INJURY,0,1017,1,2018,MONDAY,26.871,0,OVERTURNED,TWO-WAY,10:00 - 10:59,,N/A,NON INTERSECTION,27.71633285,DAYLIGHT,YES,-97.14731206,ONE MOTOR VEHICLE - GOING STRAIGHT,NO MEDIAN,NOT APPLICABLE,5,OVERTURNED,True,SWERVED OR VEERED-AVOIDING VEHICLE STOPPED OR MOVING SLOWLY IN TRAFFIC LANE,"250,000 POP AND OVER",NO,0632,-0.812,US & STATE HIGHWAYS,"STRAIGHT, LEVEL",MINOR ARTERIAL,OFF ROADWAY,"4 OR MORE LANES, UNDIVIDED",False,60,SH0361,DRY,CENTER STRIPE/DIVIDER,CLEAR
16250046,10439,False,10439,2023,CORPUS CHRISTI,TURNED WHEN UNSAFE,226303,27.398,2018-02-14,0,2,0,0,N - NOT INJURED,0,0707,0,2018,WEDNESDAY,35.117,0,FIXED OBJECT,TWO-WAY,07:00 - 07:59,,N/A,NON INTERSECTION,27.61786638,DAWN,YES,-97.22013958,ONE MOTOR VEHICLE - GOING STRAIGHT,NO MEDIAN,NOT APPLICABLE,5,HIT MEDIAN BARRIER (CONCRETE OR CABLE),True,"LOST CONTROL OR SKIDDED (ICY OR SLICK ROAD, ETC.)","250,000 POP AND OVER",NO,0638,1.435,US & STATE HIGHWAYS,"STRAIGHT, GRADE",MINOR ARTERIAL,MEDIAN,"4 OR MORE LANES, UNDIVIDED",False,55,SH0361,WET,CENTER STRIPE/DIVIDER,FOG
16261616,10439,False,10439,2023,CORPUS CHRISTI,TURNED WHEN UNSAFE,226303,25.838,2018-02-18,0,2,2,3,B - SUSPECTED MINOR INJURY,0,1630,5,2018,SUNDAY,33.557,0,MOTOR VEHICLE IN TRANSPORT,TWO-WAY,16:00 - 16:59,,N/A,NON INTERSECTION,27.63302133,DAYLIGHT,YES,-97.20332975,SAME DIRECTION - ONE STRAIGHT-ONE LEFT TURN,NO MEDIAN,NOT APPLICABLE,5,NOT APPLICABLE,True,NOT APPLICABLE,"250,000 POP AND OVER",NO,0638,-0.125,US & STATE HIGHWAYS,"STRAIGHT, LEVEL",MINOR ARTERIAL,ON ROADWAY,"4 OR MORE LANES, UNDIVIDED",False,60,SH0361,DRY,CENTER STRIPE/DIVIDER,CLEAR
16268869,15893,True,15893,2023,PORT ARANSAS,DRIVER INATTENTION;UNSAFE SPEED,226303,12.62,2018-02-25,0,2,1,0,B - SUSPECTED MINOR INJURY,0,0630,1,2018,SUNDAY,20.339,0,FIXED OBJECT,BOULEVARD,06:00 - 06:59,,UNKNOWN,INTERSECTION RELATED,27.79662567,"DARK, LIGHTED",YES,-97.09066748,ONE MOTOR VEHICLE - GOING STRAIGHT,CURBED,THREE ENTERING ROADS - T,4,HIT OTHER FIXED OBJECT,True,CONSTRUCTION - WITHIN POSTED ROAD CONSTRUCTION ZONE (NOT RELATED TO CRASH),"2,500 - 4,999 POP",NO,0624,0.589,US & STATE HIGHWAYS,"STRAIGHT, LEVEL",MINOR ARTERIAL,OFF ROADWAY,"4 OR MORE LANES, DIVIDED",True,55,SH0361,WET,INOPERATIVE (EXPLAIN IN NARRATIVE),FOG
16269536,10439,False,10439,2023,CORPUS CHRISTI,CHANGED LANE WHEN UNSAFE,226303,26.498,2018-02-25,0,2,2,0,B - SUSPECTED MINOR INJURY,0,1044,2,2018,SUNDAY,34.217,0,MOTOR VEHICLE IN TRANSPORT,TWO-WAY,10:00 - 10:59,,N/A,NON INTERSECTION,27.62479077,DAYLIGHT,YES,-97.20884991,SAME DIRECTION - ONE STRAIGHT-ONE LEFT TURN,NO MEDIAN,NOT APPLICABLE,5,NOT APPLICABLE,True,NOT APPLICABLE,"250,000 POP AND OVER",NO,0638,0.535,US & STATE HIGHWAYS,"STRAIGHT, LEVEL",MINOR ARTERIAL,ON ROADWAY,"4 OR MORE LANES, UNDIVIDED",False,55,SH0361,DRY,MARKED LANES,CLOUDY
16298648,10439,False,10439,2023,CORPUS CHRISTI,FAILED TO CONTROL SPEED,226303,27.46,2018-03-10,0,3,0,3,C - POSSIBLE INJURY,0,1403,3,2018,SATURDAY,35.179,0,MOTOR VEHICLE IN TRANSPORT,TWO-WAY,14:00 - 14:59,,N/A,NON INTERSECTION,27.61788081,DAYLIGHT,YES,-97.22115549,SAME DIRECTION - ONE STRAIGHT-ONE STOPPED,NO MEDIAN,NOT APPLICABLE,5,NOT APPLICABLE,True,SLOWING/STOPPING-FOR TRAFFIC,"250,000 POP AND OVER",NO,0638,1.497,US & STATE HIGHWAYS,"STRAIGHT, LEVEL",MINOR ARTERIAL,ON ROADWAY,"4 OR MORE LANES, UNDIVIDED",False,55,SH0361,DRY,CENTER STRIPE/DIVIDER,CLEAR
16306455,12050,False,12050,2023,CORPUS CHRISTI,FAILED TO DRIVE IN SINGLE LANE;IMPAIRED VISIBILITY (EXPLAIN IN NARRATIVE);TAKING MEDICATION (EXPLAIN IN NARRATIVE);UNDER INFLUENCE - DRUG,226303,15.469,2018-03-17,1,3,0,0,K - FATAL INJURY,0,0229,0,2018,SATURDAY,23.188,1,PEDESTRIAN,TWO-WAY,02:00 - 02:59,,N/A,NON INTERSECTION,27.76220648,"DARK, NOT LIGHTED",YES,-97.1164036,ONE MOTOR VEHICLE - GOING STRAIGHT,NO MEDIAN,NOT APPLICABLE,5,NOT APPLICABLE,True,NOT APPLICABLE,"250,000 POP AND OVER",NO,0628,-0.513,US & STATE HIGHWAYS,"STRAIGHT, LEVEL",MINOR ARTERIAL,SHOULDER,"4 OR MORE LANES, UNDIVIDED",False,60,SH0361,WET,MARKED LANES,FOG
16306612,12050,False,12050,2023,OUTSIDE CITY LIMITS,FAILED TO CONTROL SPEED,226303,13.395,2018-03-17,0,3,0,1,C - POSSIBLE INJURY,0,1933,1,2018,SATURDAY,21.114,0,MOTOR VEHICLE IN TRANSPORT,TWO-WAY,19:00 - 19:59,,N/A,NON INTERSECTION,27.78760026,DAYLIGHT,YES,-97.09825212,SAME DIRECTION - BOTH GOING STRAIGHT-REAR END,NO MEDIAN,THREE ENTERING ROADS - T,5,NOT APPLICABLE,True,SLOWING/STOPPING-FOR TRAFFIC,RURAL,NO,0626,-0.598,US & STATE HIGHWAYS,"STRAIGHT, LEVEL",MINOR ARTERIAL,ON ROADWAY,"4 OR MORE LANES, UNDIVIDED",True,60,SH0361,DRY,STOP SIGN,CLOUDY
16316525,15893,True,15893,2023,PORT ARANSAS,FAILED TO CONTROL SPEED; FOLLOWED TOO CLOSELY,226303,12.309,2018-03-19,0,3,0,0,N - NOT INJURED,0,1215,0,2018,MONDAY,20.028,0,MOTOR VEHICLE IN TRANSPORT,BOULEVARD,12:00 - 12:59,,MUSTANG BLVD,INTERSECTION RELATED,27.80023347,DAYLIGHT,YES,-97.08764061,SAME DIRECTION - BOTH GOING STRAIGHT-REAR END,CURBED,THREE ENTERING ROADS - T,4,NOT APPLICABLE,True,CONSTRUCTION - WITHIN POSTED ROAD CONSTRUCTION ZONE (NOT RELATED TO CRASH),"2,500 - 4,999 POP",NO,0624,0.278,US & STATE HIGHWAYS,"STRAIGHT, LEVEL",MINOR ARTERIAL,ON ROADWAY,"4 OR MORE LANES, DIVIDED",True,45,SH0361,DRY,CENTER STRIPE/DIVIDER,CLEAR
16356679,15893,True,15893,2023,PORT ARANSAS,FAILED TO CONTROL SPEED; FAILED TO PASS TO RIGHT SAFELY,226303,11.778,2018-04-14,0,4,0,3,C - POSSIBLE INJURY,0,1827,3,2018,SATURDAY,19.497,0,MOTOR VEHICLE IN TRANSPORT,BOULEVARD,18:00 - 18:59,,UNKNOWN,INTERSECTION RELATED,27.80641795,DAYLIGHT,YES,-97.08243892,SAME DIRECTION - ONE STRAIGHT-ONE STOPPED,CURBED,FOUR ENTERING ROADS,4,NOT APPLICABLE,True,"SLOWING/STOPPING - FOR OFFICER, FLAGMAN, OR TRAFFIC CONTROL","2,500 - 4,999 POP",NO,0624,-0.253,US & STATE HIGHWAYS,"STRAIGHT, LEVEL",MINOR ARTERIAL,ON ROADWAY,"4 OR MORE LANES, DIVIDED",True,55,SH0361,DRY,SIGNAL LIGHT,CLEAR
16389134,10439,False,10439,2023,CORPUS CHRISTI,FAILED TO CONTROL SPEED; IMPAIRED VISIBILITY (EXPLAIN IN NARRATIVE),226303,26.978,2018-04-14,0,4,1,0,B - SUSPECTED MINOR INJURY,0,0305,1,2018,SATURDAY,34.697,0,FIXED OBJECT,TWO-WAY,03:00 - 03:59,,N/A,NON INTERSECTION,27.61936454,"DARK, NOT LIGHTED",YES,-97.21362714,ONE MOTOR VEHICLE - GOING STRAIGHT,NO MEDIAN,NOT APPLICABLE,5,"HIT TREE, SHRUB, LANDSCAPING",True,CRASH OCCURRED ON A BEACH,"250,000 POP AND OVER",NO,0638,1.015,US & STATE HIGHWAYS,OTHER (EXPLAIN IN NARRATIVE),MINOR ARTERIAL,OFF ROADWAY,"4 OR MORE LANES, UNDIVIDED",False,15,SH0361,"SAND, MUD, DIRT",NONE,BLOWING SAND/SNOW
16377056,15893,True,15893,2023,PORT ARANSAS,FAILED TO YIELD RIGHT OF WAY - YIELD SIGN;TURNED WHEN UNSAFE,226303,11.782,2018-04-24,0,4,0,0,N - NOT INJURED,0,1617,0,2018,TUESDAY,19.501,0,MOTOR VEHICLE IN TRANSPORT,BOULEVARD,16:00 - 16:59,,PIPER BLVD,INTERSECTION,27.80637738,DAYLIGHT,YES,-97.0824751,OPPOSITE DIRECTION - ONE STRAIGHT-ONE LEFT TURN,CURBED,FOUR ENTERING ROADS,4,NOT APPLICABLE,True,NOT APPLICABLE,"2,500 - 4,999 POP",NO,0624,-0.249,US & STATE HIGHWAYS,"STRAIGHT, LEVEL",MINOR ARTERIAL,ON ROADWAY,"4 OR MORE LANES, DIVIDED",True,55,SH0361,DRY,SIGNAL LIGHT,CLEAR
16377586,15893,False,15893,2023,PORT ARANSAS,ANIMAL ON ROAD - WILD;FAULTY EVASIVE ACTION,226303,11.853,2018-04-25,0,4,0,0,N - NOT INJURED,0,0738,0,2018,WEDNESDAY,19.572,0,FIXED OBJECT,BOULEVARD,07:00 - 07:59,,N/A,NON INTERSECTION,27.80555314,DAYLIGHT,YES,-97.08316869,ONE MOTOR VEHICLE - GOING STRAIGHT,CURBED,NOT APPLICABLE,4,HIT GUARDRAIL,True,SWERVED OR VEERED-AVOIDING ANIMAL IN ROAD,"2,500 - 4,999 POP",NO,0624,-0.178,US & STATE HIGHWAYS,"STRAIGHT, LEVEL",MINOR ARTERIAL,OFF ROADWAY,"4 OR MORE LANES, DIVIDED",True,55,SH0361,DRY,CENTER STRIPE/DIVIDER,CLOUDY
16395459,12050,False,12050,2023,CORPUS CHRISTI,FAILED TO CONTROL SPEED,226303,18.303,2018-04-28,0,4,0,0,N - NOT INJURED,0,1450,0,2018,SATURDAY,26.022,0,MOTOR VEHICLE IN TRANSPORT,TWO-WAY,14:00 - 14:59,,N/A,NON INTERSECTION,27.72690811,DAYLIGHT,YES,-97.14019132,SAME DIRECTION - BOTH GOING STRAIGHT-REAR END,NO MEDIAN,NOT APPLICABLE,5,NOT APPLICABLE,True,NOT APPLICABLE,"250,000 POP AND OVER",NO,0630,0.29,US & STATE HIGHWAYS,"STRAIGHT, LEVEL",MINOR ARTERIAL,ON ROADWAY,"4 OR MORE LANES, UNDIVIDED",False,65,SH0361,DRY,MARKED LANES,CLEAR
16409719,10439,False,10439,2023,CORPUS CHRISTI,OTHER (EXPLAIN IN NARRATIVE),226303,22.353,2018-05-12,0,5,0,0,N - NOT INJURED,0,0656,0,2018,SATURDAY,30.072,0,FIXED OBJECT,TWO-WAY,06:00 - 06:59,,N/A,NON INTERSECTION,27.6764554,"DARK, NOT LIGHTED",YES,-97.17412652,ONE MOTOR VEHICLE - GOING STRAIGHT,NO MEDIAN,NOT APPLICABLE,5,HIT UTILITY POLE,True,NOT APPLICABLE,"250,000 POP AND OVER",NO,0634,0.389,US & STATE HIGHWAYS,"STRAIGHT, LEVEL",MINOR ARTERIAL,OFF ROADWAY,"4 OR MORE LANES, UNDIVIDED",False,60,SH0361,DRY,CENTER STRIPE/DIVIDER,CLEAR
16440546,12050,False,12050,2023,CORPUS CHRISTI,FAILED TO CONTROL SPEED,226303,18.351,2018-05-14,0,5,0,1,A - SUSPECTED SERIOUS INJURY,1,1332,2,2018,MONDAY,26.07,0,MOTOR VEHICLE IN TRANSPORT,TWO-WAY,13:00 - 13:59,,N/A,DRIVEWAY ACCESS,27.72630923,DAYLIGHT,YES,-97.1405936,SAME DIRECTION - ONE STRAIGHT-ONE STOPPED,NO MEDIAN,NOT APPLICABLE,5,NOT APPLICABLE,True,SLOWING/STOPPING-TO MAKE LEFT TURN,"250,000 POP AND OVER",NO,0630,0.338,US & STATE HIGHWAYS,"STRAIGHT, LEVEL",MINOR ARTERIAL,ON ROADWAY,"4 OR MORE LANES, UNDIVIDED",False,60,SH0361,DRY,CENTER STRIPE/DIVIDER,CLEAR
16469263,10439,True,10439,2023,CORPUS CHRISTI,FAILED TO YIELD RIGHT OF WAY - TURNING LEFT,226303,27.498,2018-06-03,0,6,0,0,N - NOT INJURED,0,0716,0,2018,SUNDAY,35.217,0,MOTOR VEHICLE IN TRANSPORT,TWO-WAY,07:00 - 07:59,0022,PR0022,INTERSECTION,27.6178894,DAYLIGHT,YES,-97.22177124,OPPOSITE DIRECTION - ONE STRAIGHT-ONE LEFT TURN,NO MEDIAN,FOUR ENTERING ROADS,5,NOT APPLICABLE,True,NOT APPLICABLE,"250,000 POP AND OVER",NO,0638,1.535,US & STATE HIGHWAYS,"STRAIGHT, LEVEL",MINOR ARTERIAL,ON ROADWAY,"4 OR MORE LANES, UNDIVIDED",False,55,SH0361,DRY,SIGNAL LIGHT,CLEAR
16496773,10439,False,10439,2023,CORPUS CHRISTI,TURNED WHEN UNSAFE,226303,22.431,2018-06-19,0,6,0,0,N - NOT INJURED,0,1818,0,2018,TUESDAY,30.15,0,OVERTURNED,TWO-WAY,18:00 - 18:59,,N/A,NON INTERSECTION,27.67548086,DAYLIGHT,YES,-97.17477725,ONE MOTOR VEHICLE - GOING STRAIGHT,NO MEDIAN,NOT APPLICABLE,5,OVERTURNED,True,"LOST CONTROL OR SKIDDED (ICY OR SLICK ROAD, ETC.)","250,000 POP AND OVER",NO,0634,0.467,US & STATE HIGHWAYS,"STRAIGHT, LEVEL",MINOR ARTERIAL,OFF ROADWAY,"4 OR MORE LANES, UNDIVIDED",False,60,SH0361,STANDING WATER,MARKED LANES,RAIN
16486476,15893,True,15893,2023,PORT ARANSAS,FAILED TO YIELD RIGHT OF WAY - TURNING LEFT,226303,11.782,2018-06-25,0,6,0,0,N - NOT INJURED,0,1253,0,2018,MONDAY,19.501,0,MOTOR VEHICLE IN TRANSPORT,BOULEVARD,12:00 - 12:59,,ACCESS ROAD 1 A,INTERSECTION,27.80637738,DAYLIGHT,YES,-97.0824751,OPPOSITE DIRECTION - ONE STRAIGHT-ONE LEFT TURN,CURBED,FOUR ENTERING ROADS,4,NOT APPLICABLE,True,NOT APPLICABLE,"2,500 - 4,999 POP",NO,0624,-0.249,US & STATE HIGHWAYS,"STRAIGHT, LEVEL",MINOR ARTERIAL,ON ROADWAY,"4 OR MORE LANES, DIVIDED",True,45,SH0361,DRY,SIGNAL LIGHT,CLEAR
16503125,10439,False,10439,2023,CORPUS CHRISTI,FAILED TO CONTROL SPEED,226303,27.479,2018-07-04,0,7,0,0,N - NOT INJURED,0,1830,0,2018,WEDNESDAY,35.198,0,MOTOR VEHICLE IN TRANSPORT,TWO-WAY,18:00 - 18:59,,N/A,NON INTERSECTION,27.61788517,DAYLIGHT,YES,-97.22146329,SAME DIRECTION - BOTH GOING STRAIGHT-REAR END,NO MEDIAN,NOT APPLICABLE,5,NOT APPLICABLE,True,SLOWING/STOPPING-FOR TRAFFIC,"250,000 POP AND OVER",NO,0638,1.516,US & STATE HIGHWAYS,"STRAIGHT, LEVEL",MINOR ARTERIAL,ON ROADWAY,"4 OR MORE LANES, UNDIVIDED",False,55,SH0361,DRY,MARKED LANES,CLOUDY