Crash ID,Adj ADT,At Intersection Flag,ADT,ADT Year,City,Contributing Factors,Control Section,CS Milepoint,Crash Date,Death Count,Month,NonSusp Serious Inj,Possible Inj,Crash Severity,Susp Serious Inj,Crash Time,Total Inj,Year,Day of Week,DFO,Fatal Crash Flag,First Harmful Event,Hwy Lane Design,Hour,Intersecting Hwy Number,Intersecting Street Name,Intersection Related,Latitude,Light Condition,Located Flag,Longitude,Manner of Collision,Median Type,Entering Roads,Number of Lanes,Object Struck,On System Flag,Other Factor,Population Group,Private Drive Flag,Ref Marker,RM Offset,Road Class,Roadway Alignment,Roadway Function,Roadway Relation,Roadway Type,Rural Flag,Speed Limit,Street Name,Surface Condition,Traffic Control Type,Weather Condition
16513345,15893,True,15893,2023,PORT ARANSAS,DISTRACTION IN VEHICLE,226303,12.309,2018-07-06,0,7,0,0,N - NOT INJURED,0,2018,0,2018,FRIDAY,20.028,0,FIXED OBJECT,BOULEVARD,20:00 - 20:59,,MUSTANG BLVD,INTERSECTION RELATED,27.80023347,DUSK,YES,-97.08764061,ONE MOTOR VEHICLE - TURNING RIGHT,CURBED,THREE ENTERING ROADS - T,4,HIT HIGHWAY SIGN,True,"SWERVED OR VEERED-AVOIDING VEHICLE PASSING, CHANGING LANES","2,500 - 4,999 POP",NO,0624,0.278,US & STATE HIGHWAYS,"STRAIGHT, LEVEL",MINOR ARTERIAL,OFF ROADWAY,"4 OR MORE LANES, DIVIDED",True,60,SH0361,DRY,STOP SIGN,CLEAR
16509322,10439,False,10439,2023,CORPUS CHRISTI,DISTRACTION IN VEHICLE; TURNED WHEN UNSAFE,226303,22.293,2018-07-07,0,7,0,0,N - NOT INJURED,0,1550,0,2018,SATURDAY,30.012,0,FIXED OBJECT,TWO-WAY,15:00 - 15:59,,N/A,NON INTERSECTION,27.67720269,DAYLIGHT,YES,-97.17362753,ONE MOTOR VEHICLE - GOING STRAIGHT,NO MEDIAN,NOT APPLICABLE,5,HIT FENCE,True,ATTENTION DIVERTED FROM DRIVING,"250,000 POP AND OVER",NO,0634,0.329,US & STATE HIGHWAYS,"STRAIGHT, GRADE",MINOR ARTERIAL,OFF ROADWAY,"4 OR MORE LANES, UNDIVIDED",False,60,SH0361,DRY,MARKED LANES,CLEAR
16512783,12050,False,12050,2023,CORPUS CHRISTI,FAULTY EVASIVE ACTION; FOLLOWED TOO CLOSELY,226303,18.044,2018-07-09,0,7,0,1,C - POSSIBLE INJURY,0,1734,1,2018,MONDAY,25.763,0,MOTOR VEHICLE IN TRANSPORT,TWO-WAY,17:00 - 17:59,,N/A,NON INTERSECTION,27.73013354,DAYLIGHT,YES,-97.13801545,SAME DIRECTION - BOTH GOING STRAIGHT-REAR END,NO MEDIAN,NOT APPLICABLE,5,NOT APPLICABLE,True,SWERVED OR VEERED-AVOIDING VEHICLE STOPPED OR MOVING SLOWLY IN TRAFFIC LANE,"250,000 POP AND OVER",NO,0630,0.031,US & STATE HIGHWAYS,"STRAIGHT, LEVEL",MINOR ARTERIAL,ON ROADWAY,"4 OR MORE LANES, UNDIVIDED",False,60,SH0361,DRY,NONE,CLEAR
16515096,10439,False,10439,2023,CORPUS CHRISTI,CHANGED LANE WHEN UNSAFE;UNSAFE SPEED,226303,20.035,2018-07-11,0,7,0,0,N - NOT INJURED,0,1739,0,2018,WEDNESDAY,27.754,0,MOTOR VEHICLE IN TRANSPORT,TWO-WAY,17:00 - 17:59,,N/A,NON INTERSECTION,27.70533594,DAYLIGHT,YES,-97.15472343,SAME DIRECTION - BOTH GOING STRAIGHT-SIDESWIPE,NO MEDIAN,NOT APPLICABLE,5,NOT APPLICABLE,True,VEHICLE CHANGING LANES,"250,000 POP AND OVER",NO,0632,0.071,US & STATE HIGHWAYS,"STRAIGHT, LEVEL",MINOR ARTERIAL,ON ROADWAY,"4 OR MORE LANES, UNDIVIDED",False,60,SH0361,DRY,MARKED LANES,CLEAR
16525536,10439,False,10439,2023,CORPUS CHRISTI,CHANGED LANE WHEN UNSAFE,226303,27.384,2018-07-14,0,7,1,1,A - SUSPECTED SERIOUS INJURY,1,1910,3,2018,SATURDAY,35.103,0,MOTOR VEHICLE IN TRANSPORT,TWO-WAY,19:00 - 19:59,,N/A,NON INTERSECTION,27.61786271,DAYLIGHT,YES,-97.21991765,SAME DIRECTION - ONE STRAIGHT-ONE LEFT TURN,NO MEDIAN,NOT APPLICABLE,5,NOT APPLICABLE,True,NOT APPLICABLE,"250,000 POP AND OVER",NO,0638,1.421,US & STATE HIGHWAYS,"STRAIGHT, GRADE",MINOR ARTERIAL,ON ROADWAY,"4 OR MORE LANES, UNDIVIDED",False,50,SH0361,DRY,MARKED LANES,CLEAR
16532695,10439,True,10439,2023,CORPUS CHRISTI,FAILED TO YIELD RIGHT OF WAY - TURN ON RED,226303,27.498,2018-07-15,0,7,0,0,N - NOT INJURED,0,2206,0,2018,SUNDAY,35.217,0,MOTOR VEHICLE IN TRANSPORT,TWO-WAY,22:00 - 22:59,0022,PR0022,INTERSECTION,27.6178894,"DARK, LIGHTED",YES,-97.22177124,OPPOSITE DIRECTION - ONE STRAIGHT-ONE LEFT TURN,NO MEDIAN,NOT APPLICABLE,5,NOT APPLICABLE,True,NOT APPLICABLE,"250,000 POP AND OVER",NO,0638,1.535,US & STATE HIGHWAYS,"STRAIGHT, LEVEL",MINOR ARTERIAL,ON ROADWAY,"4 OR MORE LANES, UNDIVIDED",False,55,SH0361,DRY,SIGNAL LIGHT,CLEAR
16537228,12050,False,12050,2023,CORPUS CHRISTI,FAILED TO CONTROL SPEED,226303,18.017,2018-07-19,0,7,0,0,N - NOT INJURED,0,1620,0,2018,THURSDAY,25.736,0,MOTOR VEHICLE IN TRANSPORT,TWO-WAY,16:00 - 16:59,,N/A,NON INTERSECTION,27.73047247,DAYLIGHT,YES,-97.13778681,SAME DIRECTION - BOTH GOING STRAIGHT-REAR END,NO MEDIAN,NOT APPLICABLE,5,NOT APPLICABLE,True,SLOWING/STOPPING-FOR TRAFFIC,"250,000 POP AND OVER",NO,0630,0.004,US & STATE HIGHWAYS,"STRAIGHT, LEVEL",MINOR ARTERIAL,ON ROADWAY,"4 OR MORE LANES, UNDIVIDED",False,65,SH0361,DRY,MARKED LANES,CLEAR
16566933,10439,False,10439,2023,CORPUS CHRISTI,FAILED TO YIELD RIGHT OF WAY - STOP SIGN,226303,26.719,2018-07-21,0,7,0,2,C - POSSIBLE INJURY,0,2057,2,2018,SATURDAY,34.438,0,MOTOR VEHICLE IN TRANSPORT,TWO-WAY,20:00 - 20:59,,ZAHN RD,INTERSECTION RELATED,27.62206646,"DARK, NOT LIGHTED",YES,-97.21074535,ANGLE - ONE STRAIGHT-ONE LEFT TURN,NO MEDIAN,NOT APPLICABLE,5,NOT APPLICABLE,True,NOT APPLICABLE,"250,000 POP AND OVER",NO,0638,0.756,US & STATE HIGHWAYS,"STRAIGHT, LEVEL",MINOR ARTERIAL,ON ROADWAY,"4 OR MORE LANES, UNDIVIDED",False,55,SH0361,DRY,STOP SIGN,CLEAR
16538056,15893,True,15893,2023,PORT ARANSAS,FAILED TO YIELD RIGHT OF WAY - TURNING LEFT,226303,12.309,2018-07-23,0,7,0,0,N - NOT INJURED,0,1650,0,2018,MONDAY,20.028,0,MOTOR VEHICLE IN TRANSPORT,BOULEVARD,16:00 - 16:59,,MUSTANG BLVD,INTERSECTION,27.80023347,DAYLIGHT,YES,-97.08764061,ANGLE - ONE STRAIGHT-ONE LEFT TURN,CURBED,THREE ENTERING ROADS - T,4,NOT APPLICABLE,True,NOT APPLICABLE,"2,500 - 4,999 POP",NO,0624,0.278,US & STATE HIGHWAYS,"STRAIGHT, LEVEL",MINOR ARTERIAL,ON ROADWAY,"4 OR MORE LANES, DIVIDED",True,55,SH0361,DRY,MARKED LANES,CLEAR
16546676,10439,False,10439,2023,CORPUS CHRISTI,DRIVER INATTENTION; FAILED TO CONTROL SPEED,226303,21.002,2018-07-28,0,7,0,0,N - NOT INJURED,0,1414,0,2018,SATURDAY,28.721,0,MOTOR VEHICLE IN TRANSPORT,TWO-WAY,14:00 - 14:59,,UNKNOWN,INTERSECTION RELATED,27.69329198,DAYLIGHT,YES,-97.16280354,SAME DIRECTION - ONE STRAIGHT-ONE STOPPED,NO MEDIAN,NOT APPLICABLE,5,NOT APPLICABLE,True,SLOWING/STOPPING-TO MAKE LEFT TURN,"250,000 POP AND OVER",NO,0634,-0.962,US & STATE HIGHWAYS,"STRAIGHT, LEVEL",MINOR ARTERIAL,ON ROADWAY,"4 OR MORE LANES, UNDIVIDED",False,60,SH0361,DRY,MARKED LANES,CLEAR
16548015,10439,True,10439,2023,CORPUS CHRISTI,FAILED TO YIELD RIGHT OF WAY - STOP SIGN,226303,26.723,2018-07-30,0,7,0,1,C - POSSIBLE INJURY,0,0614,1,2018,MONDAY,34.442,0,MOTOR VEHICLE IN TRANSPORT,TWO-WAY,06:00 - 06:59,,ZAHN RD,INTERSECTION,27.62201986,DAWN,YES,-97.21077788,ANGLE - ONE STRAIGHT-ONE LEFT TURN,NO MEDIAN,THREE ENTERING ROADS - T,5,NOT APPLICABLE,True,NOT APPLICABLE,"250,000 POP AND OVER",NO,0638,0.76,US & STATE HIGHWAYS,"STRAIGHT, LEVEL",MINOR ARTERIAL,ON ROADWAY,"4 OR MORE LANES, UNDIVIDED",False,55,SH0361,DRY,CENTER STRIPE/DIVIDER,CLEAR
16571810,10439,True,10439,2023,CORPUS CHRISTI,DISREGARD STOP AND GO SIGNAL,226303,27.498,2018-08-13,0,8,0,1,C - POSSIBLE INJURY,0,2044,1,2018,MONDAY,35.217,0,MOTOR VEHICLE IN TRANSPORT,TWO-WAY,20:00 - 20:59,0022,PR0022,INTERSECTION,27.6178894,"DARK, LIGHTED",YES,-97.22177124,OPPOSITE DIRECTION - ONE STRAIGHT-ONE LEFT TURN,NO MEDIAN,FOUR ENTERING ROADS,5,NOT APPLICABLE,True,NOT APPLICABLE,"250,000 POP AND OVER",NO,0638,1.535,US & STATE HIGHWAYS,"STRAIGHT, LEVEL",MINOR ARTERIAL,ON ROADWAY,"4 OR MORE LANES, UNDIVIDED",False,55,SH0361,DRY,SIGNAL LIGHT,CLEAR
16578731,15893,True,15893,2023,PORT ARANSAS,FAILED TO CONTROL SPEED;OTHER (EXPLAIN IN NARRATIVE),226303,11.782,2018-08-15,0,8,2,0,B - SUSPECTED MINOR INJURY,0,1817,2,2018,WEDNESDAY,19.501,0,MOTOR VEHICLE IN TRANSPORT,BOULEVARD,18:00 - 18:59,,PIPER BLVD,INTERSECTION,27.80637738,DAYLIGHT,YES,-97.0824751,ANGLE - BOTH GOING STRAIGHT,CURBED,FOUR ENTERING ROADS,4,NOT APPLICABLE,True,NOT APPLICABLE,"2,500 - 4,999 POP",NO,0624,-0.249,US & STATE HIGHWAYS,"STRAIGHT, LEVEL",MINOR ARTERIAL,ON ROADWAY,"4 OR MORE LANES, DIVIDED",True,55,SH0361,DRY,SIGNAL LIGHT,CLEAR
16621267,10439,False,10439,2023,CORPUS CHRISTI,TURNED WHEN UNSAFE; UNDER INFLUENCE - ALCOHOL,226303,27.471,2018-08-25,0,8,0,0,N - NOT INJURED,0,1730,0,2018,SATURDAY,35.19,0,FIXED OBJECT,TWO-WAY,17:00 - 17:59,,N/A,NON INTERSECTION,27.61788326,DAYLIGHT,YES,-97.22132825,ONE MOTOR VEHICLE - GOING STRAIGHT,NO MEDIAN,NOT APPLICABLE,5,HIT HIGHWAY SIGN,True,NOT APPLICABLE,"250,000 POP AND OVER",NO,0638,1.508,US & STATE HIGHWAYS,"STRAIGHT, LEVEL",MINOR ARTERIAL,OFF ROADWAY,"4 OR MORE LANES, UNDIVIDED",False,60,SH0361,DRY,NONE,CLEAR
16620834,10439,False,10439,2023,CORPUS CHRISTI,FAILED TO CONTROL SPEED;OTHER (EXPLAIN IN NARRATIVE),226303,26.998,2018-09-03,0,9,0,0,N - NOT INJURED,0,1435,0,2018,MONDAY,34.717,0,MOTOR VEHICLE IN TRANSPORT,TWO-WAY,14:00 - 14:59,,N/A,NON INTERSECTION,27.61920691,DAYLIGHT,YES,-97.21390573,SAME DIRECTION - BOTH GOING STRAIGHT-REAR END,NO MEDIAN,NOT APPLICABLE,5,NOT APPLICABLE,True,NOT APPLICABLE,"250,000 POP AND OVER",NO,0638,1.035,US & STATE HIGHWAYS,"CURVE, GRADE",MINOR ARTERIAL,ON ROADWAY,"4 OR MORE LANES, UNDIVIDED",False,65,SH0361,DRY,MARKED LANES,CLEAR
16640156,10439,False,10439,2023,CORPUS CHRISTI,FAILED TO CONTROL SPEED,226303,20.458,2018-09-13,0,9,0,1,C - POSSIBLE INJURY,0,0706,1,2018,THURSDAY,28.177,0,FIXED OBJECT,TWO-WAY,07:00 - 07:59,,N/A,NON INTERSECTION,27.700063,DAYLIGHT,YES,-97.15824205,ONE MOTOR VEHICLE - GOING STRAIGHT,NO MEDIAN,NOT APPLICABLE,5,DITCH,True,NOT APPLICABLE,"250,000 POP AND OVER",NO,0632,0.494,US & STATE HIGHWAYS,"STRAIGHT, LEVEL",MINOR ARTERIAL,OFF ROADWAY,"4 OR MORE LANES, UNDIVIDED",False,60,SH0361,DRY,CENTER STRIPE/DIVIDER,CLEAR
16642528,10439,False,10439,2023,CORPUS CHRISTI,FAILED TO CONTROL SPEED,226303,27.493,2018-09-14,0,9,0,0,N - NOT INJURED,0,1241,0,2018,FRIDAY,35.212,0,MOTOR VEHICLE IN TRANSPORT,TWO-WAY,12:00 - 12:59,0022,PR0022,INTERSECTION RELATED,27.61788845,DAYLIGHT,YES,-97.22169414,SAME DIRECTION - ONE STRAIGHT-ONE STOPPED,NO MEDIAN,NOT APPLICABLE,5,NOT APPLICABLE,True,"SLOWING/STOPPING - FOR OFFICER, FLAGMAN, OR TRAFFIC CONTROL","250,000 POP AND OVER",NO,0638,1.53,US & STATE HIGHWAYS,"STRAIGHT, LEVEL",MINOR ARTERIAL,ON ROADWAY,"4 OR MORE LANES, UNDIVIDED",False,55,SH0361,WET,SIGNAL LIGHT,CLOUDY
16642813,12050,True,12050,2023,CORPUS CHRISTI,DROVE WITHOUT HEADLIGHTS;FAILED TO YIELD RIGHT OF WAY - OPEN INTERSECTION;IMPAIRED VISIBILITY (EXPLAIN IN NARRATIVE),226303,15.567,2018-09-15,0,9,0,0,N - NOT INJURED,0,0848,0,2018,SATURDAY,23.286,0,MOTOR VEHICLE IN TRANSPORT,TWO-WAY,08:00 - 08:59,,UNKNOWN,INTERSECTION,27.76098981,DAYLIGHT,YES,-97.11722573,SAME DIRECTION - ONE STRAIGHT-ONE LEFT TURN,NO MEDIAN,THREE ENTERING ROADS - T,5,NOT APPLICABLE,True,NOT APPLICABLE,"250,000 POP AND OVER",NO,0628,-0.415,US & STATE HIGHWAYS,"STRAIGHT, LEVEL",MINOR ARTERIAL,ON ROADWAY,"4 OR MORE LANES, UNDIVIDED",False,60,SH0361,STANDING WATER,NONE,RAIN
16686862,10439,False,10439,2023,CORPUS CHRISTI,FAILED TO YIELD RIGHT OF WAY - PRIVATE DRIVE,226303,27.479,2018-10-03,0,10,0,0,N - NOT INJURED,0,1434,0,2018,WEDNESDAY,35.198,0,MOTOR VEHICLE IN TRANSPORT,TWO-WAY,14:00 - 14:59,,N/A,DRIVEWAY ACCESS,27.61788517,DAYLIGHT,YES,-97.22146329,ANGLE - ONE STRAIGHT-ONE LEFT TURN,NO MEDIAN,NOT APPLICABLE,5,NOT APPLICABLE,True,ONE VEHICLE LEAVING DRIVEWAY,"250,000 POP AND OVER",NO,0638,1.516,US & STATE HIGHWAYS,"STRAIGHT, LEVEL",MINOR ARTERIAL,ON ROADWAY,"4 OR MORE LANES, UNDIVIDED",False,55,SH0361,DRY,MARKED LANES,CLEAR
16727513,10439,False,10439,2023,CORPUS CHRISTI,FAILED TO YIELD RIGHT OF WAY - PRIVATE DRIVE,226303,27.46,2018-10-27,0,10,0,0,N - NOT INJURED,0,0737,0,2018,SATURDAY,35.179,0,MOTOR VEHICLE IN TRANSPORT,TWO-WAY,07:00 - 07:59,,N/A,DRIVEWAY ACCESS,27.61788081,DAWN,YES,-97.22115549,ANGLE - BOTH GOING STRAIGHT,NO MEDIAN,NOT APPLICABLE,5,NOT APPLICABLE,True,ONE VEHICLE LEAVING DRIVEWAY,"250,000 POP AND OVER",NO,0638,1.497,US & STATE HIGHWAYS,"STRAIGHT, LEVEL",MINOR ARTERIAL,ON ROADWAY,"4 OR MORE LANES, UNDIVIDED",False,40,SH0361,DRY,CENTER STRIPE/DIVIDER,CLEAR
16737469,12050,False,12050,2023,CORPUS CHRISTI,TURNED WHEN UNSAFE,226303,18.161,2018-10-29,0,10,0,1,C - POSSIBLE INJURY,0,0852,1,2018,MONDAY,25.88,0,OVERTURNED,TWO-WAY,08:00 - 08:59,,N/A,NON INTERSECTION,27.72868387,DAYLIGHT,YES,-97.13899339,ONE MOTOR VEHICLE - GOING STRAIGHT,NO MEDIAN,NOT APPLICABLE,5,OVERTURNED,True,NOT APPLICABLE,"250,000 POP AND OVER",NO,0630,0.148,US & STATE HIGHWAYS,"STRAIGHT, LEVEL",MINOR ARTERIAL,OFF ROADWAY,"4 OR MORE LANES, UNDIVIDED",False,60,SH0361,DRY,CENTER STRIPE/DIVIDER,CLEAR
16749719,10439,False,10439,2023,CORPUS CHRISTI,FAILED TO DRIVE IN SINGLE LANE; HAD BEEN DRINKING,226303,26.722,2018-11-03,0,11,0,0,N - NOT INJURED,0,2115,0,2018,SATURDAY,34.441,0,MOTOR VEHICLE IN TRANSPORT,TWO-WAY,21:00 - 21:59,,N/A,NON INTERSECTION,27.62203335,"DARK, NOT LIGHTED",YES,-97.21076847,OPPOSITE DIRECTION - BOTH GOING STRAIGHT,NO MEDIAN,NOT APPLICABLE,5,NOT APPLICABLE,True,NOT APPLICABLE,"250,000 POP AND OVER",NO,0638,0.759,CITY STREET,"STRAIGHT, LEVEL",MINOR ARTERIAL,ON ROADWAY,"4 OR MORE LANES, UNDIVIDED",False,15,SH0361,"SAND, MUD, DIRT",NONE,CLEAR
16746740,15893,True,15893,2023,PORT ARANSAS,FAILED TO YIELD RIGHT OF WAY - STOP SIGN,226303,12.038,2018-11-14,0,11,1,0,B - SUSPECTED MINOR INJURY,0,0745,1,2018,WEDNESDAY,19.757,0,PEDALCYCLIST,BOULEVARD,07:00 - 07:59,,PALMILLA WAY,INTERSECTION,27.80338938,DAYLIGHT,YES,-97.08498763,ONE MOTOR VEHICLE - GOING STRAIGHT,CURBED,THREE ENTERING ROADS - T,4,NOT APPLICABLE,True,NOT APPLICABLE,"2,500 - 4,999 POP",NO,0624,0.007,US & STATE HIGHWAYS,"STRAIGHT, LEVEL",MINOR ARTERIAL,ON ROADWAY,"4 OR MORE LANES, DIVIDED",True,55,SH0361,DRY,CENTER STRIPE/DIVIDER,CLEAR
16796396,10439,False,10439,2023,CORPUS CHRISTI,DISREGARD TURN MARKS AT INTERSECTION,226303,26.737,2018-11-29,0,11,0,2,C - POSSIBLE INJURY,0,1751,2,2018,THURSDAY,34.456,0,MOTOR VEHICLE IN TRANSPORT,TWO-WAY,17:00 - 17:59,,ZAHN RD,INTERSECTION RELATED,27.62184474,DUSK,YES,-97.21090015,SAME DIRECTION - ONE STRAIGHT-ONE STOPPED,NO MEDIAN,NOT APPLICABLE,5,NOT APPLICABLE,True,SLOWING/STOPPING-TO MAKE LEFT TURN,"250,000 POP AND OVER",NO,0638,0.774,US & STATE HIGHWAYS,"STRAIGHT, LEVEL",MINOR ARTERIAL,ON ROADWAY,"4 OR MORE LANES, UNDIVIDED",False,60,SH0361,DRY,MARKED LANES,CLOUDY
16803136,10439,False,10439,2023,CORPUS CHRISTI,ANIMAL ON ROAD - WILD,226303,24.754,2018-12-05,0,12,0,0,N - NOT INJURED,0,1810,0,2018,WEDNESDAY,32.473,0,ANIMAL,TWO-WAY,18:00 - 18:59,,N/A,NON INTERSECTION,27.64652074,"DARK, NOT LIGHTED",YES,-97.19422785,ONE MOTOR VEHICLE - GOING STRAIGHT,NO MEDIAN,NOT APPLICABLE,5,NOT APPLICABLE,True,NOT APPLICABLE,"250,000 POP AND OVER",NO,0636,0.79,US & STATE HIGHWAYS,"STRAIGHT, LEVEL",MINOR ARTERIAL,ON ROADWAY,"4 OR MORE LANES, UNDIVIDED",False,65,SH0361,DRY,MARKED LANES,CLEAR
16889447,12050,True,12050,2023,CORPUS CHRISTI,TURNED WHEN UNSAFE,226303,19.216,2019-01-25,1,1,0,0,K - FATAL INJURY,0,0248,0,2019,FRIDAY,26.935,1,OVERTURNED,TWO-WAY,02:00 - 02:59,,UNKNOWN,INTERSECTION RELATED,27.71554328,"DARK, NOT LIGHTED",YES,-97.14784459,ONE MOTOR VEHICLE - GOING STRAIGHT,NO MEDIAN,THREE ENTERING ROADS - T,5,OVERTURNED,True,SWERVED OR VEERED-REASON NOT SPECIFIED,"250,000 POP AND OVER",NO,0632,-0.748,US & STATE HIGHWAYS,"STRAIGHT, LEVEL",MINOR ARTERIAL,OFF ROADWAY,"4 OR MORE LANES, UNDIVIDED",False,65,SH0361,DRY,MARKED LANES,CLEAR
16917566,10439,False,10439,2023,CORPUS CHRISTI,FAILED TO CONTROL SPEED,226303,27.479,2019-02-04,0,2,0,0,N - NOT INJURED,0,1716,0,2019,MONDAY,35.198,0,MOTOR VEHICLE IN TRANSPORT,TWO-WAY,17:00 - 17:59,0022,PR0022,INTERSECTION RELATED,27.61788517,DAYLIGHT,YES,-97.22146329,SAME DIRECTION - BOTH GOING STRAIGHT-REAR END,NO MEDIAN,NOT APPLICABLE,5,NOT APPLICABLE,True,SLOWING/STOPPING-FOR TRAFFIC,"250,000 POP AND OVER",NO,0638,1.516,US & STATE HIGHWAYS,"STRAIGHT, LEVEL",MINOR ARTERIAL,ON ROADWAY,"4 OR MORE LANES, UNDIVIDED",False,65,SH0361,WET,MARKED LANES,FOG
16919607,12050,False,12050,2023,CORPUS CHRISTI,NONE,226303,19.464,2019-02-09,0,2,0,0,N - NOT INJURED,0,1841,0,2019,SATURDAY,27.183,0,ANIMAL,TWO-WAY,18:00 - 18:59,,N/A,NON INTERSECTION,27.71245411,"DARK, NOT LIGHTED",YES,-97.14992811,ONE MOTOR VEHICLE - GOING STRAIGHT,NO MEDIAN,NOT APPLICABLE,5,NOT APPLICABLE,True,NOT APPLICABLE,"250,000 POP AND OVER",NO,0632,-0.5,US & STATE HIGHWAYS,"STRAIGHT, LEVEL",MINOR ARTERIAL,ON ROADWAY,"4 OR MORE LANES, UNDIVIDED",False,65,SH0361,DRY,MARKED LANES,CLOUDY
16918309,15893,True,15893,2023,PORT ARANSAS,DRIVER INATTENTION;FAILED TO YIELD RIGHT OF WAY - STOP SIGN,226303,12.309,2019-02-25,0,2,0,0,N - NOT INJURED,0,1139,0,2019,MONDAY,20.028,0,MOTOR VEHICLE IN TRANSPORT,BOULEVARD,11:00 - 11:59,,MUSTANG BLVD,INTERSECTION,27.80023347,DAYLIGHT,YES,-97.08764061,ANGLE - BOTH GOING STRAIGHT,CURBED,THREE ENTERING ROADS - T,4,NOT APPLICABLE,True,ATTENTION DIVERTED FROM DRIVING,"2,500 - 4,999 POP",NO,0624,0.278,US & STATE HIGHWAYS,"STRAIGHT, LEVEL",MINOR ARTERIAL,ON ROADWAY,"4 OR MORE LANES, DIVIDED",True,55,SH0361,DRY,STOP SIGN,CLOUDY
16923744,10439,False,10439,2023,CORPUS CHRISTI,FAILED TO YIELD RIGHT OF WAY - STOP SIGN;IMPAIRED VISIBILITY (EXPLAIN IN NARRATIVE),226303,22.533,2019-02-27,0,2,0,0,N - NOT INJURED,0,0812,0,2019,WEDNESDAY,30.252,0,FIXED OBJECT,TWO-WAY,08:00 - 08:59,0022,PR0022,INTERSECTION RELATED,27.67419962,DAYLIGHT,YES,-97.17563277,ONE MOTOR VEHICLE - GOING STRAIGHT,NO MEDIAN,THREE ENTERING ROADS - T,5,"HIT WORK ZONE BARRICADE, CONES, SIGNS OR MATERIAL",True,CONSTRUCTION-IN OTHER CONSTRUCTION MAINTENANCE AREA (RELATED TO CRASH),"250,000 POP AND OVER",NO,0634,0.569,US & STATE HIGHWAYS,"STRAIGHT, LEVEL",MINOR ARTERIAL,OFF ROADWAY,"4 OR MORE LANES, UNDIVIDED",False,60,SH0361,DRY,STOP SIGN,FOG
16930412,12050,False,12050,2023,CORPUS CHRISTI,UNSAFE SPEED;OTHER (EXPLAIN IN NARRATIVE),226303,16.335,2019-03-03,0,3,0,0,N - NOT INJURED,0,0939,0,2019,SUNDAY,24.054,0,FIXED OBJECT,TWO-WAY,09:00 - 09:59,,MARINERS DR,INTERSECTION RELATED,27.75143298,DAYLIGHT,YES,-97.12368351,ONE MOTOR VEHICLE - GOING STRAIGHT,NO MEDIAN,NOT APPLICABLE,5,HIT UTILITY POLE,True,"LOST CONTROL OR SKIDDED (ICY OR SLICK ROAD, ETC.)","250,000 POP AND OVER",NO,0628,0.353,US & STATE HIGHWAYS,"STRAIGHT, LEVEL",MINOR ARTERIAL,OFF ROADWAY,"4 OR MORE LANES, UNDIVIDED",False,65,SH0361,WET,MARKED LANES,FOG
16930113,12050,False,12050,2023,CORPUS CHRISTI,FAILED TO CONTROL SPEED,226303,17.314,2019-03-04,0,3,0,3,C - POSSIBLE INJURY,0,0738,3,2019,MONDAY,25.033,0,MOTOR VEHICLE IN TRANSPORT,TWO-WAY,07:00 - 07:59,,N/A,DRIVEWAY ACCESS,27.7392332,DAYLIGHT,YES,-97.13187683,SAME DIRECTION - BOTH GOING STRAIGHT-REAR END,NO MEDIAN,NOT APPLICABLE,5,NOT APPLICABLE,True,SLOWING/STOPPING-TO MAKE RIGHT TURN,"250,000 POP AND OVER",NO,0630,-0.699,US & STATE HIGHWAYS,"STRAIGHT, LEVEL",MINOR ARTERIAL,ON ROADWAY,"4 OR MORE LANES, UNDIVIDED",False,60,SH0361,WET,CENTER STRIPE/DIVIDER,RAIN
16950422,12050,False,12050,2023,CORPUS CHRISTI,DRIVER INATTENTION; FAILED TO CONTROL SPEED,226303,19.235,2019-03-10,0,3,0,0,99 - UNKNOWN,0,0806,0,2019,SUNDAY,26.954,0,OVERTURNED,TWO-WAY,08:00 - 08:59,,N/A,NON INTERSECTION,27.71530758,DAWN,YES,-97.14800356,ONE MOTOR VEHICLE - GOING STRAIGHT,NO MEDIAN,NOT APPLICABLE,5,OVERTURNED,True,ATTENTION DIVERTED FROM DRIVING,"250,000 POP AND OVER",NO,0632,-0.729,US & STATE HIGHWAYS,"STRAIGHT, LEVEL",MINOR ARTERIAL,OFF ROADWAY,"4 OR MORE LANES, UNDIVIDED",False,-1,SH0361,WET,CENTER STRIPE/DIVIDER,FOG