Crash ID,Adj ADT,At Intersection Flag,ADT,ADT Year,City,Contributing Factors,Control Section,CS Milepoint,Crash Date,Death Count,Month,NonSusp Serious Inj,Possible Inj,Crash Severity,Susp Serious Inj,Crash Time,Total Inj,Year,Day of Week,DFO,Fatal Crash Flag,First Harmful Event,Hwy Lane Design,Hour,Intersecting Hwy Number,Intersecting Street Name,Intersection Related,Latitude,Light Condition,Located Flag,Longitude,Manner of Collision,Median Type,Entering Roads,Number of Lanes,Object Struck,On System Flag,Other Factor,Population Group,Private Drive Flag,Ref Marker,RM Offset,Road Class,Roadway Alignment,Roadway Function,Roadway Relation,Roadway Type,Rural Flag,Speed Limit,Street Name,Surface Condition,Traffic Control Type,Weather Condition
17373225,12050,False,12050,2023,CORPUS CHRISTI,FAILED TO CONTROL SPEED,226303,18.056,2019-10-21,0,10,0,0,N - NOT INJURED,0,1714,0,2019,MONDAY,25.775,0,MOTOR VEHICLE IN TRANSPORT,TWO-WAY,17:00 - 17:59,,BEACH VIEW DR,INTERSECTION RELATED,27.72998113,DAYLIGHT,YES,-97.13811826,SAME DIRECTION - ONE STRAIGHT-ONE STOPPED,NO MEDIAN,NOT APPLICABLE,5,NOT APPLICABLE,True,SLOWING/STOPPING-TO MAKE LEFT TURN,"250,000 POP AND OVER",NO,0630,0.043,US & STATE HIGHWAYS,"STRAIGHT, GRADE",MINOR ARTERIAL,ON ROADWAY,"4 OR MORE LANES, UNDIVIDED",False,60,SH0361,DRY,CENTER STRIPE/DIVIDER,CLEAR
17420961,15893,True,15893,2023,PORT ARANSAS,FAILED TO YIELD RIGHT OF WAY - TURNING LEFT,226303,11.782,2019-11-23,0,11,0,0,N - NOT INJURED,0,2048,0,2019,SATURDAY,19.501,0,MOTOR VEHICLE IN TRANSPORT,BOULEVARD,20:00 - 20:59,,UNKNOWN,INTERSECTION,27.80637694,"DARK, LIGHTED",YES,-97.0824755,OPPOSITE DIRECTION - ONE STRAIGHT-ONE LEFT TURN,CURBED,FOUR ENTERING ROADS,4,NOT APPLICABLE,True,NOT APPLICABLE,"2,500 - 4,999 POP",NO,0624,-0.249,US & STATE HIGHWAYS,"STRAIGHT, LEVEL",MINOR ARTERIAL,ON ROADWAY,"4 OR MORE LANES, DIVIDED",True,45,SH0361,DRY,SIGNAL LIGHT,CLEAR
17440705,12050,False,12050,2023,CORPUS CHRISTI,FAILED TO CONTROL SPEED,226303,17.574,2019-11-24,0,11,0,0,N - NOT INJURED,0,0029,0,2019,SUNDAY,25.293,0,MOTOR VEHICLE IN TRANSPORT,TWO-WAY,00:00 - 00:59,,N/A,NON INTERSECTION,27.73598943,"DARK, NOT LIGHTED",YES,-97.13406508,SAME DIRECTION - ONE STRAIGHT-ONE LEFT TURN,NO MEDIAN,NOT APPLICABLE,5,NOT APPLICABLE,True,NOT APPLICABLE,"250,000 POP AND OVER",NO,0630,-0.439,US & STATE HIGHWAYS,"STRAIGHT, LEVEL",MINOR ARTERIAL,ON ROADWAY,"4 OR MORE LANES, UNDIVIDED",False,60,SH0361,DRY,CENTER STRIPE/DIVIDER,CLEAR
17456486,10439,False,10439,2023,CORPUS CHRISTI,ANIMAL ON ROAD - WILD,226303,23.946,2019-12-04,0,12,0,0,N - NOT INJURED,0,1823,0,2019,WEDNESDAY,31.665,0,ANIMAL,TWO-WAY,18:00 - 18:59,,N/A,NON INTERSECTION,27.65660037,"DARK, NOT LIGHTED",YES,-97.18747911,ONE MOTOR VEHICLE - GOING STRAIGHT,NO MEDIAN,NOT APPLICABLE,5,NOT APPLICABLE,True,NOT APPLICABLE,"250,000 POP AND OVER",NO,0636,-0.018,US & STATE HIGHWAYS,"STRAIGHT, LEVEL",MINOR ARTERIAL,ON ROADWAY,"4 OR MORE LANES, UNDIVIDED",False,60,SH0361,DRY,MARKED LANES,CLEAR
17489634,10439,False,10439,2023,CORPUS CHRISTI,FAILED TO CONTROL SPEED,226303,27.48,2019-12-29,0,12,0,0,N - NOT INJURED,0,1535,0,2019,SUNDAY,35.199,0,MOTOR VEHICLE IN TRANSPORT,TWO-WAY,15:00 - 15:59,,N/A,DRIVEWAY ACCESS,27.61788532,DAYLIGHT,YES,-97.22147368,SAME DIRECTION - ONE STRAIGHT-ONE STOPPED,NO MEDIAN,NOT APPLICABLE,5,NOT APPLICABLE,True,SLOWING/STOPPING-FOR VEHICLE ENTERING ROAD,"250,000 POP AND OVER",NO,0638,1.517,US & STATE HIGHWAYS,"STRAIGHT, LEVEL",MINOR ARTERIAL,ON ROADWAY,"4 OR MORE LANES, UNDIVIDED",False,60,SH0361,DRY,CENTER STRIPE/DIVIDER,CLOUDY
17593228,12050,False,12050,2023,CORPUS CHRISTI,CHANGED LANE WHEN UNSAFE; DRIVER INATTENTION,226303,15.47,2020-02-18,0,2,0,0,N - NOT INJURED,0,1431,0,2020,TUESDAY,23.189,0,MOTOR VEHICLE IN TRANSPORT,TWO-WAY,14:00 - 14:59,,N/A,NON INTERSECTION,27.76220031,DAYLIGHT,YES,-97.11640776,SAME DIRECTION - ONE STRAIGHT-ONE LEFT TURN,NO MEDIAN,NOT APPLICABLE,5,NOT APPLICABLE,True,ATTENTION DIVERTED FROM DRIVING,"250,000 POP AND OVER",NO,0628,-0.512,US & STATE HIGHWAYS,"STRAIGHT, LEVEL",MINOR ARTERIAL,ON ROADWAY,"4 OR MORE LANES, UNDIVIDED",False,60,SH0361,DRY,MARKED LANES,CLEAR
17592967,10439,False,10439,2023,CORPUS CHRISTI,FAILED TO CONTROL SPEED,226303,26.817,2020-02-20,0,2,0,1,C - POSSIBLE INJURY,0,1805,1,2020,THURSDAY,34.536,0,OVERTURNED,TWO-WAY,18:00 - 18:59,,N/A,NON INTERSECTION,27.62092836,DUSK,YES,-97.21170145,ONE MOTOR VEHICLE - GOING STRAIGHT,NO MEDIAN,NOT APPLICABLE,5,OVERTURNED,True,"LOST CONTROL OR SKIDDED (ICY OR SLICK ROAD, ETC.)","250,000 POP AND OVER",NO,0638,0.854,US & STATE HIGHWAYS,"CURVE, GRADE",MINOR ARTERIAL,OFF ROADWAY,"4 OR MORE LANES, UNDIVIDED",False,50,SH0361,WET,MARKED LANES,RAIN
17616130,10439,False,10439,2023,CORPUS CHRISTI,CHANGED LANE WHEN UNSAFE,226303,26.972,2020-03-11,0,3,0,0,N - NOT INJURED,0,1929,0,2020,WEDNESDAY,34.691,0,MOTOR VEHICLE IN TRANSPORT,TWO-WAY,19:00 - 19:59,,N/A,NON INTERSECTION,27.6194177,DAYLIGHT,YES,-97.21353935,SAME DIRECTION - BOTH GOING STRAIGHT-SIDESWIPE,NO MEDIAN,NOT APPLICABLE,5,NOT APPLICABLE,True,VEHICLE CHANGING LANES,"250,000 POP AND OVER",NO,0638,1.009,US & STATE HIGHWAYS,"STRAIGHT, LEVEL",MINOR ARTERIAL,ON ROADWAY,"4 OR MORE LANES, UNDIVIDED",False,55,SH0361,DRY,MARKED LANES,CLOUDY
17624049,10439,True,10439,2023,CORPUS CHRISTI,DISTRACTION IN VEHICLE; FAILED TO CONTROL SPEED,226303,26.723,2020-03-11,0,3,0,0,N - NOT INJURED,0,1912,0,2020,WEDNESDAY,34.442,0,MOTOR VEHICLE IN TRANSPORT,TWO-WAY,19:00 - 19:59,,ZAHN RD,INTERSECTION,27.62201986,DAYLIGHT,YES,-97.21077788,SAME DIRECTION - BOTH GOING STRAIGHT-REAR END,NO MEDIAN,THREE ENTERING ROADS - T,5,NOT APPLICABLE,True,ATTENTION DIVERTED FROM DRIVING,"250,000 POP AND OVER",NO,0638,0.76,US & STATE HIGHWAYS,"STRAIGHT, LEVEL",MINOR ARTERIAL,ON ROADWAY,"4 OR MORE LANES, UNDIVIDED",False,55,SH0361,DRY,MARKED LANES,CLEAR
17662789,15893,True,15893,2023,PORT ARANSAS,FAILED TO YIELD RIGHT OF WAY - TURNING LEFT,226303,11.782,2020-04-14,0,4,0,1,C - POSSIBLE INJURY,0,0821,1,2020,TUESDAY,19.501,0,MOTOR VEHICLE IN TRANSPORT,BOULEVARD,08:00 - 08:59,,UNKNOWN,INTERSECTION,27.80637192,DAYLIGHT,YES,-97.08247997,OPPOSITE DIRECTION - ONE STRAIGHT-ONE LEFT TURN,CURBED,FOUR ENTERING ROADS,4,NOT APPLICABLE,True,NOT APPLICABLE,"2,500 - 4,999 POP",NO,0624,-0.249,US & STATE HIGHWAYS,"STRAIGHT, LEVEL",MINOR ARTERIAL,ON ROADWAY,"4 OR MORE LANES, DIVIDED",True,45,SH0361,DRY,SIGNAL LIGHT,CLOUDY
17683169,10439,False,10439,2023,CORPUS CHRISTI,IMPROPER START FROM PARKED POSITION,226303,25.795,2020-05-07,0,5,0,0,N - NOT INJURED,0,2017,0,2020,THURSDAY,33.514,0,MOTOR VEHICLE IN TRANSPORT,TWO-WAY,20:00 - 20:59,,N/A,NON INTERSECTION,27.63355046,"DARK, NOT LIGHTED",YES,-97.20297003,SAME DIRECTION - ONE STRAIGHT-ONE LEFT TURN,NO MEDIAN,NOT APPLICABLE,5,NOT APPLICABLE,True,NOT APPLICABLE,"250,000 POP AND OVER",NO,0638,-0.168,US & STATE HIGHWAYS,"STRAIGHT, LEVEL",MINOR ARTERIAL,ON ROADWAY,"4 OR MORE LANES, UNDIVIDED",False,60,SH0361,DRY,CENTER STRIPE/DIVIDER,CLEAR
17710662,12050,False,12050,2023,CORPUS CHRISTI,DRIVER INATTENTION,226303,17.815,2020-05-16,0,5,0,0,N - NOT INJURED,0,1657,0,2020,SATURDAY,25.534,0,MOTOR VEHICLE IN TRANSPORT,TWO-WAY,16:00 - 16:59,,N/A,NON INTERSECTION,27.73299378,DAYLIGHT,YES,-97.13608594,SAME DIRECTION - BOTH GOING STRAIGHT-SIDESWIPE,NO MEDIAN,NOT APPLICABLE,5,NOT APPLICABLE,True,VEHICLE PASSING OR ATTEMPTING TO PASS ON LEFT,"250,000 POP AND OVER",NO,0630,-0.198,US & STATE HIGHWAYS,"STRAIGHT, LEVEL",MINOR ARTERIAL,ON ROADWAY,"4 OR MORE LANES, UNDIVIDED",False,15,SH0361,"SAND, MUD, DIRT",NONE,CLEAR
17718819,10439,False,10439,2023,CORPUS CHRISTI,FAILED TO CONTROL SPEED,226303,26.69,2020-05-18,0,5,0,0,N - NOT INJURED,0,2050,0,2020,MONDAY,34.409,0,MOTOR VEHICLE IN TRANSPORT,TWO-WAY,20:00 - 20:59,,N/A,NON INTERSECTION,27.62242903,DAYLIGHT,YES,-97.21049223,SAME DIRECTION - BOTH GOING STRAIGHT-REAR END,NO MEDIAN,NOT APPLICABLE,5,NOT APPLICABLE,True,NOT APPLICABLE,"250,000 POP AND OVER",NO,0638,0.727,CITY STREET,"STRAIGHT, LEVEL",MINOR ARTERIAL,ON ROADWAY,"4 OR MORE LANES, UNDIVIDED",False,15,SH0361,"SAND, MUD, DIRT",NONE,CLEAR
17708235,10439,False,10439,2023,CORPUS CHRISTI,FAILED TO DRIVE IN SINGLE LANE,226303,20.876,2020-05-23,0,5,0,0,N - NOT INJURED,0,1054,0,2020,SATURDAY,28.595,0,PARKED CAR,TWO-WAY,10:00 - 10:59,,N/A,NON INTERSECTION,27.69485806,DAYLIGHT,YES,-97.16175101,ONE MOTOR VEHICLE - GOING STRAIGHT,NO MEDIAN,NOT APPLICABLE,5,NOT APPLICABLE,True,NOT APPLICABLE,"250,000 POP AND OVER",NO,0632,0.912,CITY STREET,"STRAIGHT, LEVEL",MINOR ARTERIAL,OFF ROADWAY,"4 OR MORE LANES, UNDIVIDED",False,15,SH0361,"SAND, MUD, DIRT",NONE,CLEAR
17705433,10439,False,10439,2023,CORPUS CHRISTI,FAILED TO CONTROL SPEED,226303,20.262,2020-05-30,0,5,0,0,N - NOT INJURED,0,1333,0,2020,SATURDAY,27.981,0,MOTOR VEHICLE IN TRANSPORT,TWO-WAY,13:00 - 13:59,,N/A,NON INTERSECTION,27.70249884,DAYLIGHT,YES,-97.1565994,SAME DIRECTION - BOTH GOING STRAIGHT-REAR END,NO MEDIAN,NOT APPLICABLE,5,NOT APPLICABLE,True,ATTENTION DIVERTED FROM DRIVING,"250,000 POP AND OVER",NO,0632,0.298,CITY STREET,"STRAIGHT, LEVEL",MINOR ARTERIAL,ON ROADWAY,"4 OR MORE LANES, UNDIVIDED",False,15,SH0361,"SAND, MUD, DIRT",NONE,CLEAR
17706577,12050,False,12050,2023,CORPUS CHRISTI,FAILED TO CONTROL SPEED,226303,18.049,2020-05-30,0,5,0,0,N - NOT INJURED,0,1621,0,2020,SATURDAY,25.768,0,MOTOR VEHICLE IN TRANSPORT,TWO-WAY,16:00 - 16:59,,UNKNOWN,INTERSECTION RELATED,27.73007879,DAYLIGHT,YES,-97.13805238,SAME DIRECTION - ONE STRAIGHT-ONE STOPPED,NO MEDIAN,NOT APPLICABLE,5,NOT APPLICABLE,True,SLOWING/STOPPING-TO MAKE LEFT TURN,"250,000 POP AND OVER",NO,0630,0.036,US & STATE HIGHWAYS,"STRAIGHT, LEVEL",MINOR ARTERIAL,ON ROADWAY,"4 OR MORE LANES, UNDIVIDED",False,60,SH0361,DRY,MARKED LANES,CLEAR
17717105,10439,True,10439,2023,CORPUS CHRISTI,FAILED TO YIELD RIGHT OF WAY - STOP SIGN,226303,19.999,2020-05-30,0,5,0,5,C - POSSIBLE INJURY,0,1944,5,2020,SATURDAY,27.718,0,MOTOR VEHICLE IN TRANSPORT,TWO-WAY,19:00 - 19:59,,UNKNOWN,INTERSECTION,27.70579456,DAYLIGHT,YES,-97.15442083,ANGLE - ONE STRAIGHT-ONE LEFT TURN,NO MEDIAN,THREE ENTERING ROADS - T,5,NOT APPLICABLE,True,NOT APPLICABLE,"250,000 POP AND OVER",NO,0632,0.035,US & STATE HIGHWAYS,"STRAIGHT, LEVEL",MINOR ARTERIAL,ON ROADWAY,"4 OR MORE LANES, UNDIVIDED",False,60,SH0361,DRY,STOP SIGN,CLEAR
17712331,15893,True,15893,2023,PORT ARANSAS,FAILED TO YIELD RIGHT OF WAY - TURNING LEFT,226303,11.782,2020-06-03,0,6,0,0,N - NOT INJURED,0,1837,0,2020,WEDNESDAY,19.501,0,MOTOR VEHICLE IN TRANSPORT,BOULEVARD,18:00 - 18:59,,PIPER BLVD,INTERSECTION,27.80637738,DAYLIGHT,YES,-97.0824751,OPPOSITE DIRECTION - ONE STRAIGHT-ONE LEFT TURN,CURBED,FOUR ENTERING ROADS,4,HIT OTHER FIXED OBJECT,True,NOT APPLICABLE,"2,500 - 4,999 POP",NO,0624,-0.249,US & STATE HIGHWAYS,"STRAIGHT, LEVEL",MINOR ARTERIAL,ON ROADWAY,"4 OR MORE LANES, DIVIDED",True,55,SH0361,DRY,SIGNAL LIGHT,CLOUDY
17710795,10439,False,10439,2023,CORPUS CHRISTI,FOLLOWED TOO CLOSELY,226303,27.492,2020-06-05,0,6,0,0,N - NOT INJURED,0,1153,0,2020,FRIDAY,35.211,0,MOTOR VEHICLE IN TRANSPORT,TWO-WAY,11:00 - 11:59,0022,PR0022,INTERSECTION RELATED,27.61788823,DAYLIGHT,YES,-97.22167875,SAME DIRECTION - ONE STRAIGHT-ONE STOPPED,NO MEDIAN,FOUR ENTERING ROADS,5,NOT APPLICABLE,True,"SLOWING/STOPPING - FOR OFFICER, FLAGMAN, OR TRAFFIC CONTROL","250,000 POP AND OVER",NO,0638,1.529,US & STATE HIGHWAYS,"STRAIGHT, LEVEL",MINOR ARTERIAL,ON ROADWAY,"4 OR MORE LANES, UNDIVIDED",False,40,SH0361,DRY,SIGNAL LIGHT,CLEAR
17730900,10439,False,10439,2023,CORPUS CHRISTI,BACKED WITHOUT SAFETY; UNDER INFLUENCE - ALCOHOL,226303,26.278,2020-06-13,0,6,1,0,B - SUSPECTED MINOR INJURY,0,2344,1,2020,SATURDAY,33.997,0,OTHER OBJECT,TWO-WAY,23:00 - 23:59,,N/A,NON INTERSECTION,27.62753846,"DARK, NOT LIGHTED",YES,-97.20701099,ONE MOTOR VEHICLE - BACKING,NO MEDIAN,NOT APPLICABLE,5,OTHER,True,CRASH OCCURRED ON A BEACH,"250,000 POP AND OVER",NO,0638,0.315,OTHER ROADS,"STRAIGHT, LEVEL",MINOR ARTERIAL,NOT APPLICABLE,"4 OR MORE LANES, UNDIVIDED",False,15,SH0361,"SAND, MUD, DIRT",NONE,CLEAR
17732778,10439,False,10439,2023,CORPUS CHRISTI,BACKED WITHOUT SAFETY,226303,24.523,2020-06-13,0,6,0,0,N - NOT INJURED,0,2303,0,2020,SATURDAY,32.242,0,PARKED CAR,TWO-WAY,23:00 - 23:59,,N/A,NON INTERSECTION,27.64940388,"DARK, NOT LIGHTED",YES,-97.19230438,ONE MOTOR VEHICLE - BACKING,NO MEDIAN,NOT APPLICABLE,5,NOT APPLICABLE,True,CRASH OCCURRED ON A BEACH,"250,000 POP AND OVER",NO,0636,0.559,OTHER ROADS,"STRAIGHT, LEVEL",MINOR ARTERIAL,ON ROADWAY,"4 OR MORE LANES, UNDIVIDED",False,15,SH0361,"SAND, MUD, DIRT",NONE,CLEAR
17730963,12050,False,12050,2023,CORPUS CHRISTI,FAILED TO PASS TO LEFT SAFELY,226303,19.347,2020-06-14,0,6,0,0,N - NOT INJURED,0,1221,0,2020,SUNDAY,27.066,0,MOTOR VEHICLE IN TRANSPORT,TWO-WAY,12:00 - 12:59,,N/A,NON INTERSECTION,27.71391069,DAYLIGHT,YES,-97.14894571,SAME DIRECTION - BOTH GOING STRAIGHT-SIDESWIPE,NO MEDIAN,NOT APPLICABLE,5,NOT APPLICABLE,True,VEHICLE PASSING OR ATTEMPTING TO PASS ON LEFT,"250,000 POP AND OVER",NO,0632,-0.617,US & STATE HIGHWAYS,"STRAIGHT, LEVEL",MINOR ARTERIAL,ON ROADWAY,"4 OR MORE LANES, UNDIVIDED",False,55,SH0361,DRY,CENTER STRIPE/DIVIDER,CLOUDY
17736448,15893,False,15893,2023,PORT ARANSAS,FAILED TO YIELD RIGHT OF WAY - PRIVATE DRIVE,226303,11.809,2020-06-19,0,6,0,0,N - NOT INJURED,0,1534,0,2020,FRIDAY,19.528,0,MOTOR VEHICLE IN TRANSPORT,BOULEVARD,15:00 - 15:59,,N/A,DRIVEWAY ACCESS,27.80605878,DAYLIGHT,YES,-97.08274363,ANGLE - BOTH GOING STRAIGHT,CURBED,FOUR ENTERING ROADS,4,NOT APPLICABLE,True,ONE VEHICLE LEAVING DRIVEWAY,"2,500 - 4,999 POP",NO,0624,-0.222,US & STATE HIGHWAYS,"STRAIGHT, LEVEL",MINOR ARTERIAL,ON ROADWAY,"4 OR MORE LANES, DIVIDED",True,55,SH0361,DRY,SIGNAL LIGHT,CLOUDY
17736458,15893,True,15893,2023,PORT ARANSAS,BACKED WITHOUT SAFETY; DRIVER INATTENTION; IMPROPER START FROM PARKED POSITION,226303,11.782,2020-06-19,0,6,0,0,N - NOT INJURED,0,2345,0,2020,FRIDAY,19.501,0,MOTOR VEHICLE IN TRANSPORT,BOULEVARD,23:00 - 23:59,,ACCESS ROAD 1 A,INTERSECTION RELATED,27.80637738,"DARK, LIGHTED",YES,-97.0824751,OPPOSITE DIRECTION - ONE BACKING-ONE STOPPED,CURBED,FOUR ENTERING ROADS,4,NOT APPLICABLE,True,"SLOWING/STOPPING - FOR OFFICER, FLAGMAN, OR TRAFFIC CONTROL","2,500 - 4,999 POP",NO,0624,-0.249,US & STATE HIGHWAYS,"STRAIGHT, LEVEL",MINOR ARTERIAL,ON ROADWAY,"4 OR MORE LANES, DIVIDED",True,55,SH0361,DRY,SIGNAL LIGHT,CLEAR
17741961,10439,False,10439,2023,CORPUS CHRISTI,UNSAFE SPEED;TURNED WHEN UNSAFE,226303,26.647,2020-06-20,0,6,0,1,C - POSSIBLE INJURY,0,1555,1,2020,SATURDAY,34.366,0,MOTOR VEHICLE IN TRANSPORT,TWO-WAY,15:00 - 15:59,,N/A,NON INTERSECTION,27.62295214,DAYLIGHT,YES,-97.21012702,SAME DIRECTION - ONE STRAIGHT-ONE LEFT TURN,NO MEDIAN,NOT APPLICABLE,5,NOT APPLICABLE,True,NOT APPLICABLE,"250,000 POP AND OVER",NO,0638,0.684,US & STATE HIGHWAYS,"STRAIGHT, LEVEL",MINOR ARTERIAL,ON ROADWAY,"4 OR MORE LANES, UNDIVIDED",False,60,SH0361,DRY,MARKED LANES,CLEAR
17760278,12050,False,12050,2023,CORPUS CHRISTI,FAILED TO CONTROL SPEED,226303,18.137,2020-07-03,0,7,0,2,C - POSSIBLE INJURY,0,2125,2,2020,FRIDAY,25.856,0,MOTOR VEHICLE IN TRANSPORT,TWO-WAY,21:00 - 21:59,,N/A,NON INTERSECTION,27.72897591,"DARK, UNKNOWN LIGHTING",YES,-97.13879638,SAME DIRECTION - BOTH GOING STRAIGHT-REAR END,NO MEDIAN,NOT APPLICABLE,5,NOT APPLICABLE,True,NOT APPLICABLE,"250,000 POP AND OVER",NO,0630,0.124,US & STATE HIGHWAYS,"STRAIGHT, LEVEL",MINOR ARTERIAL,ON ROADWAY,"4 OR MORE LANES, UNDIVIDED",False,60,SH0361,DRY,MARKED LANES,CLEAR
17779230,10439,False,10439,2023,CORPUS CHRISTI,CHANGED LANE WHEN UNSAFE,226303,27.46,2020-07-06,0,7,0,0,N - NOT INJURED,0,1512,0,2020,MONDAY,35.179,0,MOTOR VEHICLE IN TRANSPORT,TWO-WAY,15:00 - 15:59,,N/A,NON INTERSECTION,27.61788081,DAYLIGHT,YES,-97.22115549,SAME DIRECTION - BOTH GOING STRAIGHT-SIDESWIPE,NO MEDIAN,NOT APPLICABLE,5,NOT APPLICABLE,True,VEHICLE CHANGING LANES,"250,000 POP AND OVER",NO,0638,1.497,US & STATE HIGHWAYS,"STRAIGHT, LEVEL",MINOR ARTERIAL,ON ROADWAY,"4 OR MORE LANES, UNDIVIDED",False,45,SH0361,DRY,MARKED LANES,CLEAR
17783189,12050,False,12050,2023,CORPUS CHRISTI,LOAD NOT SECURED,226303,18.218,2020-07-16,0,7,0,0,N - NOT INJURED,0,1330,0,2020,THURSDAY,25.937,0,MOTOR VEHICLE IN TRANSPORT,TWO-WAY,13:00 - 13:59,,N/A,NON INTERSECTION,27.72797277,DAYLIGHT,YES,-97.1394731,SAME DIRECTION - BOTH GOING STRAIGHT-REAR END,NO MEDIAN,NOT APPLICABLE,5,NOT APPLICABLE,True,NOT APPLICABLE,"250,000 POP AND OVER",NO,0630,0.205,US & STATE HIGHWAYS,"STRAIGHT, LEVEL",MINOR ARTERIAL,ON ROADWAY,"4 OR MORE LANES, UNDIVIDED",False,60,SH0361,DRY,MARKED LANES,CLEAR
17777783,10439,True,10439,2023,CORPUS CHRISTI,TURNED IMPROPERLY - WRONG LANE,226303,27.498,2020-07-17,0,7,0,0,N - NOT INJURED,0,1629,0,2020,FRIDAY,35.217,0,MOTOR VEHICLE IN TRANSPORT,TWO-WAY,16:00 - 16:59,0022,PR0022,INTERSECTION,27.6178894,DAYLIGHT,YES,-97.22177124,SAME DIRECTION - BOTH LEFT TURN,NO MEDIAN,FOUR ENTERING ROADS,5,NOT APPLICABLE,True,NOT APPLICABLE,"250,000 POP AND OVER",NO,0638,1.535,US & STATE HIGHWAYS,"STRAIGHT, LEVEL",MINOR ARTERIAL,ON ROADWAY,"4 OR MORE LANES, UNDIVIDED",False,55,SH0361,DRY,MARKED LANES,CLOUDY
17790546,12050,True,12050,2023,CORPUS CHRISTI,FAILED TO CONTROL SPEED,226303,17.571,2020-07-21,0,7,0,0,N - NOT INJURED,0,1813,0,2020,TUESDAY,25.29,0,MOTOR VEHICLE IN TRANSPORT,TWO-WAY,18:00 - 18:59,,UNKNOWN,INTERSECTION RELATED,27.73603197,DAYLIGHT,YES,-97.13403638,SAME DIRECTION - ONE STRAIGHT-ONE STOPPED,NO MEDIAN,THREE ENTERING ROADS - T,5,NOT APPLICABLE,True,SLOWING/STOPPING-TO MAKE LEFT TURN,"250,000 POP AND OVER",NO,0630,-0.442,US & STATE HIGHWAYS,"STRAIGHT, GRADE",MINOR ARTERIAL,ON ROADWAY,"4 OR MORE LANES, UNDIVIDED",False,60,SH0361,DRY,CENTER STRIPE/DIVIDER,CLEAR
17793228,10439,False,10439,2023,CORPUS CHRISTI,FAILED TO DRIVE IN SINGLE LANE,226303,24.541,2020-07-29,0,7,1,0,B - SUSPECTED MINOR INJURY,0,0300,1,2020,WEDNESDAY,32.26,0,PARKED CAR,TWO-WAY,03:00 - 03:59,,N/A,NON INTERSECTION,27.64917717,"DARK, NOT LIGHTED",YES,-97.19245626,ONE MOTOR VEHICLE - GOING STRAIGHT,NO MEDIAN,NOT APPLICABLE,5,OVERTURNED,True,NOT APPLICABLE,"250,000 POP AND OVER",NO,0636,0.577,US & STATE HIGHWAYS,"STRAIGHT, LEVEL",MINOR ARTERIAL,SHOULDER,"4 OR MORE LANES, UNDIVIDED",False,60,SH0361,DRY,CENTER STRIPE/DIVIDER,CLOUDY
17801613,10439,False,10439,2023,CORPUS CHRISTI,FAILED TO CONTROL SPEED,226303,27.396,2020-08-05,0,8,0,0,N - NOT INJURED,0,0929,0,2020,WEDNESDAY,35.115,0,MOTOR VEHICLE IN TRANSPORT,TWO-WAY,09:00 - 09:59,,N/A,NON INTERSECTION,27.61786591,DAYLIGHT,YES,-97.22010594,SAME DIRECTION - BOTH GOING STRAIGHT-REAR END,NO MEDIAN,NOT APPLICABLE,5,HIT UTILITY POLE,True,NOT APPLICABLE,"250,000 POP AND OVER",NO,0638,1.433,US & STATE HIGHWAYS,"STRAIGHT, LEVEL",MINOR ARTERIAL,ON ROADWAY,"4 OR MORE LANES, UNDIVIDED",False,55,SH0361,DRY,CENTER STRIPE/DIVIDER,CLEAR
17809477,12050,True,12050,2023,CORPUS CHRISTI,FAILED TO YIELD RIGHT OF WAY - TURNING LEFT,226303,18.054,2020-08-08,0,8,0,0,N - NOT INJURED,0,1153,0,2020,SATURDAY,25.773,0,MOTOR VEHICLE IN TRANSPORT,TWO-WAY,11:00 - 11:59,,UNKNOWN,INTERSECTION,27.73001567,DAYLIGHT,YES,-97.13809496,OPPOSITE DIRECTION - ONE STRAIGHT-ONE LEFT TURN,NO MEDIAN,NOT APPLICABLE,5,NOT APPLICABLE,True,NOT APPLICABLE,"250,000 POP AND OVER",NO,0630,0.041,US & STATE HIGHWAYS,"STRAIGHT, GRADE",MINOR ARTERIAL,ON ROADWAY,"4 OR MORE LANES, UNDIVIDED",False,60,SH0361,DRY,CENTER STRIPE/DIVIDER,CLEAR