Crash ID,Adj ADT,At Intersection Flag,ADT,ADT Year,City,Contributing Factors,Control Section,CS Milepoint,Crash Date,Death Count,Month,NonSusp Serious Inj,Possible Inj,Crash Severity,Susp Serious Inj,Crash Time,Total Inj,Year,Day of Week,DFO,Fatal Crash Flag,First Harmful Event,Hwy Lane Design,Hour,Intersecting Hwy Number,Intersecting Street Name,Intersection Related,Latitude,Light Condition,Located Flag,Longitude,Manner of Collision,Median Type,Entering Roads,Number of Lanes,Object Struck,On System Flag,Other Factor,Population Group,Private Drive Flag,Ref Marker,RM Offset,Road Class,Roadway Alignment,Roadway Function,Roadway Relation,Roadway Type,Rural Flag,Speed Limit,Street Name,Surface Condition,Traffic Control Type,Weather Condition
17816790,12050,False,12050,2023,PORT ARANSAS,DRIVER INATTENTION,226303,12.794,2020-08-11,0,8,0,0,N - NOT INJURED,0,2352,0,2020,TUESDAY,20.513,0,MOTOR VEHICLE IN TRANSPORT,TWO-WAY,23:00 - 23:59,,N/A,NON INTERSECTION,27.79459509,"DARK, NOT LIGHTED",YES,-97.09236725,SAME DIRECTION - ONE STRAIGHT-ONE STOPPED,NO MEDIAN,NOT APPLICABLE,5,NOT APPLICABLE,True,SLOWING/STOPPING-REASON NOT SPECIFIED,"2,500 - 4,999 POP",NO,0624,0.763,CITY STREET,OTHER (EXPLAIN IN NARRATIVE),MINOR ARTERIAL,ON ROADWAY,"4 OR MORE LANES, UNDIVIDED",True,15,SH0361,"SAND, MUD, DIRT",NONE,CLEAR
17837231,15893,False,15893,2023,PORT ARANSAS,DISTRACTION IN VEHICLE; DRIVER INATTENTION,226303,12.423,2020-08-28,0,8,0,1,C - POSSIBLE INJURY,0,1139,1,2020,FRIDAY,20.142,0,OTHER OBJECT,BOULEVARD,11:00 - 11:59,,N/A,NON INTERSECTION,27.79891263,DAYLIGHT,YES,-97.0887488,ONE MOTOR VEHICLE - GOING STRAIGHT,CURBED,THREE ENTERING ROADS - T,4,HIT OTHER FIXED OBJECT,True,ATTENTION DIVERTED FROM DRIVING,"2,500 - 4,999 POP",NO,0624,0.392,US & STATE HIGHWAYS,"STRAIGHT, LEVEL",MINOR ARTERIAL,OFF ROADWAY,"4 OR MORE LANES, DIVIDED",True,60,SH0361,DRY,STOP SIGN,CLOUDY
17847819,12050,False,12050,2023,OUTSIDE CITY LIMITS,FAILED TO CONTROL SPEED; FAULTY EVASIVE ACTION,226303,13.79,2020-09-02,0,9,0,0,N - NOT INJURED,0,1830,0,2020,WEDNESDAY,21.509,0,OVERTURNED,TWO-WAY,18:00 - 18:59,,N/A,NON INTERSECTION,27.78301913,DAYLIGHT,YES,-97.10212978,ONE MOTOR VEHICLE - TURNING LEFT,NO MEDIAN,NOT APPLICABLE,5,OVERTURNED,True,NOT APPLICABLE,RURAL,NO,0626,-0.203,US & STATE HIGHWAYS,"STRAIGHT, LEVEL",MINOR ARTERIAL,ON ROADWAY,"4 OR MORE LANES, UNDIVIDED",True,60,SH0361,DRY,CENTER STRIPE/DIVIDER,CLOUDY
17856886,10439,False,10439,2023,CORPUS CHRISTI,OTHER (EXPLAIN IN NARRATIVE),226303,25.701,2020-09-03,0,9,1,0,B - SUSPECTED MINOR INJURY,0,1230,1,2020,THURSDAY,33.42,0,OVERTURNED,TWO-WAY,12:00 - 12:59,,N/A,NON INTERSECTION,27.63472641,DAYLIGHT,YES,-97.20217058,ONE MOTOR VEHICLE - GOING STRAIGHT,NO MEDIAN,NOT APPLICABLE,5,OVERTURNED,True,NOT APPLICABLE,"250,000 POP AND OVER",NO,0638,-0.262,US & STATE HIGHWAYS,"STRAIGHT, LEVEL",MINOR ARTERIAL,OFF ROADWAY,"4 OR MORE LANES, UNDIVIDED",False,60,SH0361,DRY,MARKED LANES,CLEAR
17871667,10439,False,10439,2023,CORPUS CHRISTI,FAILED TO CONTROL SPEED;OTHER (EXPLAIN IN NARRATIVE),226303,22.584,2020-09-16,0,9,0,0,N - NOT INJURED,0,1435,0,2020,WEDNESDAY,30.303,0,MOTOR VEHICLE IN TRANSPORT,TWO-WAY,14:00 - 14:59,,N/A,NON INTERSECTION,27.67357424,DAYLIGHT,YES,-97.17605315,SAME DIRECTION - BOTH GOING STRAIGHT-REAR END,NO MEDIAN,NOT APPLICABLE,5,NOT APPLICABLE,True,SWERVED OR VEERED-AVOIDING VEHICLE STOPPED OR MOVING SLOWLY IN TRAFFIC LANE,"250,000 POP AND OVER",NO,0634,0.62,US & STATE HIGHWAYS,"STRAIGHT, LEVEL",MINOR ARTERIAL,ON ROADWAY,"4 OR MORE LANES, UNDIVIDED",False,60,SH0361,DRY,MARKED LANES,CLEAR
17896279,10439,True,10439,2023,CORPUS CHRISTI,DISREGARD TURN MARKS AT INTERSECTION; WRONG WAY - ONE WAY ROAD,226303,27.498,2020-09-18,0,9,0,0,N - NOT INJURED,0,0014,0,2020,FRIDAY,35.217,0,MOTOR VEHICLE IN TRANSPORT,TWO-WAY,00:00 - 00:59,0022,PR0022,INTERSECTION RELATED,27.6178894,"DARK, LIGHTED",YES,-97.22177124,OPPOSITE DIRECTION - ONE STRAIGHT-ONE LEFT TURN,NO MEDIAN,FOUR ENTERING ROADS,5,NOT APPLICABLE,True,NOT APPLICABLE,"250,000 POP AND OVER",NO,0638,1.535,US & STATE HIGHWAYS,"STRAIGHT, LEVEL",MINOR ARTERIAL,ON ROADWAY,"4 OR MORE LANES, UNDIVIDED",False,55,SH0361,DRY,SIGNAL LIGHT,CLEAR
17879387,10439,True,10439,2023,CORPUS CHRISTI,FAILED TO CONTROL SPEED,226303,27.498,2020-09-24,0,9,0,0,N - NOT INJURED,0,1026,0,2020,THURSDAY,35.217,0,OVERTURNED,TWO-WAY,10:00 - 10:59,0022,PR0022,INTERSECTION RELATED,27.6178894,DAYLIGHT,YES,-97.22177124,ONE MOTOR VEHICLE - TURNING LEFT,NO MEDIAN,FOUR ENTERING ROADS,5,HIT HIGHWAY SIGN,True,NOT APPLICABLE,"250,000 POP AND OVER",NO,0638,1.535,US & STATE HIGHWAYS,"STRAIGHT, LEVEL",MINOR ARTERIAL,ON ROADWAY,"4 OR MORE LANES, UNDIVIDED",False,40,SH0361,DRY,SIGNAL LIGHT,CLEAR
17906711,12050,False,12050,2023,PORT ARANSAS,DROVE WITHOUT HEADLIGHTS,226303,13.069,2020-10-10,0,10,0,0,N - NOT INJURED,0,2131,0,2020,SATURDAY,20.788,0,FIXED OBJECT,TWO-WAY,21:00 - 21:59,,N/A,NON INTERSECTION,27.7913904,"DARK, NOT LIGHTED",YES,-97.09504983,ONE MOTOR VEHICLE - GOING STRAIGHT,NO MEDIAN,NOT APPLICABLE,5,HIT OTHER FIXED OBJECT,True,CRASH OCCURRED ON A BEACH,"2,500 - 4,999 POP",NO,0626,-0.924,OTHER ROADS,"STRAIGHT, LEVEL",MINOR ARTERIAL,ON ROADWAY,"4 OR MORE LANES, UNDIVIDED",True,15,SH0361,"SAND, MUD, DIRT",NONE,CLEAR
17923460,10439,False,10439,2023,CORPUS CHRISTI,DRIVER INATTENTION; FAILED TO CONTROL SPEED,226303,26.373,2020-10-10,0,10,1,0,B - SUSPECTED MINOR INJURY,0,2311,1,2020,SATURDAY,34.092,0,PEDESTRIAN,TWO-WAY,23:00 - 23:59,,N/A,NON INTERSECTION,27.62635546,"DARK, NOT LIGHTED",YES,-97.20780291,ONE MOTOR VEHICLE - GOING STRAIGHT,NO MEDIAN,NOT APPLICABLE,5,NOT APPLICABLE,True,CRASH OCCURRED ON A BEACH,"250,000 POP AND OVER",NO,0638,0.41,OTHER ROADS,"STRAIGHT, LEVEL",MINOR ARTERIAL,ON ROADWAY,"4 OR MORE LANES, UNDIVIDED",False,15,SH0361,"SAND, MUD, DIRT",NONE,CLEAR
17967577,10439,False,10439,2023,CORPUS CHRISTI,FAILED TO PASS TO LEFT SAFELY,226303,22.132,2020-11-14,0,11,0,1,A - SUSPECTED SERIOUS INJURY,2,1007,3,2020,SATURDAY,29.851,0,MOTOR VEHICLE IN TRANSPORT,TWO-WAY,10:00 - 10:59,,N/A,NON INTERSECTION,27.67921095,DAYLIGHT,YES,-97.17230581,OPPOSITE DIRECTION - BOTH GOING STRAIGHT,NO MEDIAN,NOT APPLICABLE,5,NOT APPLICABLE,True,VEHICLE PASSING OR ATTEMPTING TO PASS ON LEFT,"250,000 POP AND OVER",NO,0634,0.168,US & STATE HIGHWAYS,"STRAIGHT, GRADE",MINOR ARTERIAL,ON ROADWAY,"4 OR MORE LANES, UNDIVIDED",False,60,SH0361,DRY,CENTER STRIPE/DIVIDER,CLEAR
17980321,10439,False,10439,2023,CORPUS CHRISTI,FAILED TO DRIVE IN SINGLE LANE; UNDER INFLUENCE - ALCOHOL,226303,26.704,2020-11-23,0,11,0,0,N - NOT INJURED,0,1955,0,2020,MONDAY,34.423,0,FIXED OBJECT,TWO-WAY,19:00 - 19:59,,N/A,NON INTERSECTION,27.62225285,"DARK, LIGHTED",YES,-97.21061522,ONE MOTOR VEHICLE - GOING STRAIGHT,NO MEDIAN,NOT APPLICABLE,5,HIT OTHER FIXED OBJECT,True,NOT APPLICABLE,"250,000 POP AND OVER",NO,0638,0.741,US & STATE HIGHWAYS,"STRAIGHT, LEVEL",MINOR ARTERIAL,OFF ROADWAY,"4 OR MORE LANES, UNDIVIDED",False,55,SH0361,DRY,MARKED LANES,CLEAR
17990587,12050,False,12050,2023,CORPUS CHRISTI,PASSED ON RIGHT SHOULDER,226303,19.265,2020-11-30,0,11,0,0,N - NOT INJURED,0,0755,0,2020,MONDAY,26.984,0,MOTOR VEHICLE IN TRANSPORT,TWO-WAY,07:00 - 07:59,,N/A,DRIVEWAY ACCESS,27.71492332,DAYLIGHT,YES,-97.14826273,SAME DIRECTION - ONE STRAIGHT-ONE STOPPED,NO MEDIAN,NOT APPLICABLE,5,NOT APPLICABLE,True,SLOWING/STOPPING-FOR TRAFFIC,"250,000 POP AND OVER",NO,0632,-0.699,US & STATE HIGHWAYS,"STRAIGHT, LEVEL",MINOR ARTERIAL,ON ROADWAY,"4 OR MORE LANES, UNDIVIDED",False,55,SH0361,DRY,CENTER STRIPE/DIVIDER,CLOUDY
18021323,10439,False,10439,2023,CORPUS CHRISTI,FAILED TO CONTROL SPEED; FAULTY EVASIVE ACTION,226303,20.574,2020-12-21,0,12,0,0,N - NOT INJURED,0,0610,0,2020,MONDAY,28.293,0,MOTOR VEHICLE IN TRANSPORT,TWO-WAY,06:00 - 06:59,,N/A,NON INTERSECTION,27.69861852,"DARK, NOT LIGHTED",YES,-97.15922018,SAME DIRECTION - BOTH GOING STRAIGHT-SIDESWIPE,NO MEDIAN,NOT APPLICABLE,5,NOT APPLICABLE,True,SWERVED OR VEERED-REASON NOT SPECIFIED,"250,000 POP AND OVER",NO,0632,0.61,US & STATE HIGHWAYS,"STRAIGHT, LEVEL",MINOR ARTERIAL,ON ROADWAY,"4 OR MORE LANES, UNDIVIDED",False,60,SH0361,DRY,MARKED LANES,CLEAR
18058222,12050,False,12050,2023,CORPUS CHRISTI,ANIMAL ON ROAD - WILD,226303,18.998,2021-01-03,0,1,0,0,N - NOT INJURED,0,0013,0,2021,SUNDAY,26.717,0,ANIMAL,TWO-WAY,00:00 - 00:59,,N/A,NON INTERSECTION,27.71825091,"DARK, NOT LIGHTED",YES,-97.1460184,ONE MOTOR VEHICLE - GOING STRAIGHT,NO MEDIAN,NOT APPLICABLE,5,NOT APPLICABLE,True,NOT APPLICABLE,"250,000 POP AND OVER",NO,0632,-0.966,US & STATE HIGHWAYS,"STRAIGHT, LEVEL",MINOR ARTERIAL,ON ROADWAY,"4 OR MORE LANES, UNDIVIDED",False,60,SH0361,DRY,CENTER STRIPE/DIVIDER,CLEAR
18053648,12050,True,12050,2023,OUTSIDE CITY LIMITS,DRIVER INATTENTION; OVERTAKE AND PASS INSUFFICIENT CLEARANCE,226303,13.393,2021-01-07,0,1,0,0,N - NOT INJURED,0,1226,0,2021,THURSDAY,21.112,0,MOTOR VEHICLE IN TRANSPORT,TWO-WAY,12:00 - 12:59,,GULFWIND DR,INTERSECTION RELATED,27.78762528,DAYLIGHT,YES,-97.09823093,SAME DIRECTION - BOTH GOING STRAIGHT-SIDESWIPE,NO MEDIAN,THREE ENTERING ROADS - T,5,NOT APPLICABLE,True,SLOWING/STOPPING-TO MAKE RIGHT TURN,RURAL,NO,0626,-0.6,US & STATE HIGHWAYS,"STRAIGHT, LEVEL",MINOR ARTERIAL,SHOULDER,"4 OR MORE LANES, UNDIVIDED",True,60,SH0361,DRY,STOP SIGN,CLEAR
18089730,10439,True,10439,2023,CORPUS CHRISTI,DRIVER INATTENTION;FAILED TO YIELD RIGHT OF WAY - EMERGENCY VEHICLE,226303,27.498,2021-01-30,0,1,0,0,N - NOT INJURED,0,1543,0,2021,SATURDAY,35.217,0,MOTOR VEHICLE IN TRANSPORT,TWO-WAY,15:00 - 15:59,0022,PR0022,INTERSECTION,27.6178894,DAYLIGHT,YES,-97.22177124,ANGLE - BOTH GOING STRAIGHT,NO MEDIAN,FOUR ENTERING ROADS,5,NOT APPLICABLE,True,ATTENTION DIVERTED FROM DRIVING,"250,000 POP AND OVER",NO,0638,1.535,US & STATE HIGHWAYS,"STRAIGHT, LEVEL",MINOR ARTERIAL,ON ROADWAY,"4 OR MORE LANES, UNDIVIDED",False,60,SH0361,DRY,SIGNAL LIGHT,CLEAR
18110394,15893,True,15893,2023,PORT ARANSAS,DRIVER INATTENTION,226303,11.782,2021-02-12,0,2,0,0,A - SUSPECTED SERIOUS INJURY,1,1118,1,2021,FRIDAY,19.501,0,MOTOR VEHICLE IN TRANSPORT,BOULEVARD,11:00 - 11:59,,UNKNOWN,INTERSECTION,27.80637658,DAYLIGHT,YES,-97.08247582,ANGLE - ONE STRAIGHT-ONE LEFT TURN,CURBED,FOUR ENTERING ROADS,4,NOT APPLICABLE,True,ATTENTION DIVERTED FROM DRIVING,"2,500 - 4,999 POP",NO,0624,-0.249,US & STATE HIGHWAYS,"STRAIGHT, LEVEL",MINOR ARTERIAL,ON ROADWAY,"4 OR MORE LANES, DIVIDED",True,55,SH0361,WET,SIGNAL LIGHT,CLOUDY
18128539,10439,False,10439,2023,CORPUS CHRISTI,DRIVER INATTENTION; FAILED TO CONTROL SPEED,226303,25.689,2021-02-28,0,2,0,0,N - NOT INJURED,0,0345,0,2021,SUNDAY,33.408,0,PARKED CAR,TWO-WAY,03:00 - 03:59,,N/A,NON INTERSECTION,27.63487182,"DARK, NOT LIGHTED",YES,-97.20207173,ONE MOTOR VEHICLE - GOING STRAIGHT,NO MEDIAN,NOT APPLICABLE,5,NOT APPLICABLE,True,ATTENTION DIVERTED FROM DRIVING,"250,000 POP AND OVER",NO,0638,-0.274,CITY STREET,"STRAIGHT, LEVEL",MINOR ARTERIAL,ON ROADWAY,"4 OR MORE LANES, UNDIVIDED",False,30,SH0361,"SAND, MUD, DIRT",NONE,FOG
18150479,12050,False,12050,2023,CORPUS CHRISTI,UNSAFE SPEED,226303,16.227,2021-03-06,0,3,0,0,N - NOT INJURED,0,1832,0,2021,SATURDAY,23.946,0,FIXED OBJECT,TWO-WAY,18:00 - 18:59,,N/A,NON INTERSECTION,27.75277387,"DARK, LIGHTED",YES,-97.12277744,ONE MOTOR VEHICLE - TURNING RIGHT,NO MEDIAN,NOT APPLICABLE,5,HIT UTILITY POLE,True,ATTENTION DIVERTED FROM DRIVING,"250,000 POP AND OVER",NO,0628,0.245,US & STATE HIGHWAYS,"STRAIGHT, LEVEL",MINOR ARTERIAL,OFF ROADWAY,"4 OR MORE LANES, UNDIVIDED",False,60,SH0361,DRY,MARKED LANES,CLEAR
18150457,12050,False,12050,2023,CORPUS CHRISTI,CHANGED LANE WHEN UNSAFE,226303,19.501,2021-03-10,0,3,0,0,N - NOT INJURED,0,1855,0,2021,WEDNESDAY,27.22,0,MOTOR VEHICLE IN TRANSPORT,TWO-WAY,18:00 - 18:59,,N/A,NON INTERSECTION,27.71198694,"DARK, NOT LIGHTED",YES,-97.1502432,SAME DIRECTION - ONE STRAIGHT-ONE LEFT TURN,NO MEDIAN,NOT APPLICABLE,5,NOT APPLICABLE,True,NOT APPLICABLE,"250,000 POP AND OVER",NO,0632,-0.463,US & STATE HIGHWAYS,"STRAIGHT, LEVEL",MINOR ARTERIAL,ON ROADWAY,"4 OR MORE LANES, UNDIVIDED",False,60,SH0361,DRY,MARKED LANES,CLEAR
18150646,10439,False,10439,2023,CORPUS CHRISTI,CHANGED LANE WHEN UNSAFE,226303,26.972,2021-03-13,0,3,2,0,B - SUSPECTED MINOR INJURY,0,1905,2,2021,SATURDAY,34.691,0,MOTOR VEHICLE IN TRANSPORT,TWO-WAY,19:00 - 19:59,,N/A,NON INTERSECTION,27.6194177,"DARK, LIGHTED",YES,-97.21353935,OPPOSITE DIRECTION - ONE STRAIGHT-ONE LEFT TURN,NO MEDIAN,NOT APPLICABLE,5,NOT APPLICABLE,True,NOT APPLICABLE,"250,000 POP AND OVER",NO,0638,1.009,US & STATE HIGHWAYS,"STRAIGHT, LEVEL",MINOR ARTERIAL,ON ROADWAY,"4 OR MORE LANES, UNDIVIDED",False,55,SH0361,DRY,MARKED LANES,CLEAR
18154445,10439,False,10439,2023,CORPUS CHRISTI,FAILED TO CONTROL SPEED,226303,27.441,2021-03-17,0,3,0,3,C - POSSIBLE INJURY,0,1910,3,2021,WEDNESDAY,35.16,0,MOTOR VEHICLE IN TRANSPORT,TWO-WAY,19:00 - 19:59,,N/A,NON INTERSECTION,27.61787644,DAYLIGHT,YES,-97.22084747,SAME DIRECTION - BOTH GOING STRAIGHT-REAR END,NO MEDIAN,NOT APPLICABLE,5,NOT APPLICABLE,True,SLOWING/STOPPING-FOR TRAFFIC,"250,000 POP AND OVER",NO,0638,1.478,US & STATE HIGHWAYS,"STRAIGHT, LEVEL",MINOR ARTERIAL,ON ROADWAY,"4 OR MORE LANES, UNDIVIDED",False,50,SH0361,DRY,MARKED LANES,CLEAR
18157399,12050,False,12050,2023,CORPUS CHRISTI,FAILED TO CONTROL SPEED,226303,18.993,2021-03-18,0,3,0,0,N - NOT INJURED,0,1538,0,2021,THURSDAY,26.712,0,MOTOR VEHICLE IN TRANSPORT,TWO-WAY,15:00 - 15:59,,UNKNOWN,INTERSECTION RELATED,27.71832034,DAYLIGHT,YES,-97.14597158,SAME DIRECTION - BOTH GOING STRAIGHT-REAR END,NO MEDIAN,THREE ENTERING ROADS - T,5,NOT APPLICABLE,True,SLOWING/STOPPING-TO MAKE RIGHT TURN,"250,000 POP AND OVER",NO,0632,-0.971,US & STATE HIGHWAYS,"STRAIGHT, LEVEL",MINOR ARTERIAL,ON ROADWAY,"4 OR MORE LANES, UNDIVIDED",False,60,SH0361,DRY,MARKED LANES,CLEAR
18157948,12050,False,12050,2023,OUTSIDE CITY LIMITS,DISTRACTION IN VEHICLE; DRIVER INATTENTION,226303,13.641,2021-03-20,0,3,0,1,C - POSSIBLE INJURY,0,1521,1,2021,SATURDAY,21.36,0,FIXED OBJECT,TWO-WAY,15:00 - 15:59,,N/A,NON INTERSECTION,27.78474641,DAYLIGHT,YES,-97.10066773,ONE MOTOR VEHICLE - GOING STRAIGHT,NO MEDIAN,THREE ENTERING ROADS - T,5,DITCH,True,ATTENTION DIVERTED FROM DRIVING,RURAL,NO,0626,-0.352,US & STATE HIGHWAYS,"STRAIGHT, LEVEL",MINOR ARTERIAL,OFF ROADWAY,"4 OR MORE LANES, UNDIVIDED",True,60,SH0361,DRY,STOP SIGN,CLEAR
18176809,10439,True,10439,2023,CORPUS CHRISTI,FAILED TO YIELD RIGHT OF WAY - STOP SIGN,226303,26.723,2021-03-21,0,3,0,0,N - NOT INJURED,0,0134,0,2021,SUNDAY,34.442,0,MOTOR VEHICLE IN TRANSPORT,TWO-WAY,01:00 - 01:59,,ZAHN RD,INTERSECTION,27.62201986,"DARK, LIGHTED",YES,-97.21077788,ANGLE - ONE STRAIGHT-ONE LEFT TURN,NO MEDIAN,THREE ENTERING ROADS - T,5,NOT APPLICABLE,True,NOT APPLICABLE,"250,000 POP AND OVER",NO,0638,0.76,US & STATE HIGHWAYS,"CURVE, LEVEL",MINOR ARTERIAL,ON ROADWAY,"4 OR MORE LANES, UNDIVIDED",False,60,SH0361,DRY,STOP SIGN,CLEAR
18166312,12050,False,12050,2023,CORPUS CHRISTI,OTHER (EXPLAIN IN NARRATIVE),226303,17.157,2021-03-25,0,3,0,0,N - NOT INJURED,0,0833,0,2021,THURSDAY,24.876,0,OVERTURNED,TWO-WAY,08:00 - 08:59,,N/A,NON INTERSECTION,27.74118252,DAYLIGHT,YES,-97.13056183,ONE MOTOR VEHICLE - GOING STRAIGHT,NO MEDIAN,NOT APPLICABLE,5,OVERTURNED,True,GUSTY WINDS,"250,000 POP AND OVER",NO,0630,-0.856,US & STATE HIGHWAYS,"STRAIGHT, LEVEL",MINOR ARTERIAL,OFF ROADWAY,"4 OR MORE LANES, UNDIVIDED",False,65,SH0361,DRY,CENTER STRIPE/DIVIDER,CLOUDY
18203373,10439,False,10439,2023,CORPUS CHRISTI,HAD BEEN DRINKING; PASSED IN NO PASSING LANE,226303,25.88,2021-03-27,0,3,0,0,N - NOT INJURED,0,0941,0,2021,SATURDAY,33.599,0,MOTOR VEHICLE IN TRANSPORT,TWO-WAY,09:00 - 09:59,,N/A,NON INTERSECTION,27.63249312,DAYLIGHT,YES,-97.20368659,SAME DIRECTION - BOTH GOING STRAIGHT-SIDESWIPE,NO MEDIAN,NOT APPLICABLE,5,NOT APPLICABLE,True,VEHICLE PASSING OR ATTEMPTING TO PASS ON RIGHT,"250,000 POP AND OVER",NO,0638,-0.083,US & STATE HIGHWAYS,"STRAIGHT, LEVEL",MINOR ARTERIAL,ON ROADWAY,"4 OR MORE LANES, UNDIVIDED",False,65,SH0361,WET,CENTER STRIPE/DIVIDER,FOG
18185784,12050,False,12050,2023,CORPUS CHRISTI,FAILED TO CONTROL SPEED,226303,19.99,2021-04-03,0,4,0,0,N - NOT INJURED,0,2104,0,2021,SATURDAY,27.709,0,MOTOR VEHICLE IN TRANSPORT,TWO-WAY,21:00 - 21:59,,N/A,NON INTERSECTION,27.70590823,"DARK, NOT LIGHTED",YES,-97.15434557,SAME DIRECTION - BOTH GOING STRAIGHT-REAR END,NO MEDIAN,NOT APPLICABLE,5,NOT APPLICABLE,True,NOT APPLICABLE,"250,000 POP AND OVER",NO,0632,0.026,US & STATE HIGHWAYS,"STRAIGHT, LEVEL",MINOR ARTERIAL,ON ROADWAY,"4 OR MORE LANES, UNDIVIDED",False,65,SH0361,DRY,MARKED LANES,CLEAR
18191298,12050,False,12050,2023,CORPUS CHRISTI,FAILED TO CONTROL SPEED; FOLLOWED TOO CLOSELY,226303,14.715,2021-04-08,0,4,3,0,B - SUSPECTED MINOR INJURY,0,1631,3,2021,THURSDAY,22.434,0,MOTOR VEHICLE IN TRANSPORT,TWO-WAY,16:00 - 16:59,,N/A,NON INTERSECTION,27.77159594,DAYLIGHT,YES,-97.11005891,SAME DIRECTION - BOTH GOING STRAIGHT-REAR END,NO MEDIAN,THREE ENTERING ROADS - T,5,NOT APPLICABLE,True,SLOWING/STOPPING-FOR TRAFFIC,"250,000 POP AND OVER",NO,0626,0.722,US & STATE HIGHWAYS,"STRAIGHT, LEVEL",MINOR ARTERIAL,ON ROADWAY,"4 OR MORE LANES, UNDIVIDED",False,60,SH0361,DRY,NONE,CLOUDY
18212220,10439,True,10439,2023,CORPUS CHRISTI,FAILED TO YIELD RIGHT OF WAY - STOP SIGN;IMPAIRED VISIBILITY (EXPLAIN IN NARRATIVE),226303,26.723,2021-04-16,0,4,0,1,C - POSSIBLE INJURY,0,1058,1,2021,FRIDAY,34.442,0,MOTOR VEHICLE IN TRANSPORT,TWO-WAY,10:00 - 10:59,,ZAHN RD,INTERSECTION,27.62201986,DAYLIGHT,YES,-97.21077788,ANGLE - ONE STRAIGHT-ONE LEFT TURN,NO MEDIAN,THREE ENTERING ROADS - T,5,NOT APPLICABLE,True,VISION OBSTRUCTED BY STANDING OR PARKED VEHICLE,"250,000 POP AND OVER",NO,0638,0.76,US & STATE HIGHWAYS,"STRAIGHT, LEVEL",MINOR ARTERIAL,ON ROADWAY,"4 OR MORE LANES, UNDIVIDED",False,40,SH0361,DRY,STOP SIGN,CLOUDY
18216250,10439,False,10439,2023,CORPUS CHRISTI,FAILED TO DRIVE IN SINGLE LANE,226303,22.904,2021-04-20,0,4,0,0,N - NOT INJURED,0,2015,0,2021,TUESDAY,30.623,0,MOTOR VEHICLE IN TRANSPORT,TWO-WAY,20:00 - 20:59,,N/A,NON INTERSECTION,27.66957813,"DARK, NOT LIGHTED",YES,-97.17874602,OPPOSITE DIRECTION - BOTH GOING STRAIGHT,NO MEDIAN,NOT APPLICABLE,5,NOT APPLICABLE,True,NOT APPLICABLE,"250,000 POP AND OVER",NO,0634,0.94,US & STATE HIGHWAYS,"STRAIGHT, LEVEL",MINOR ARTERIAL,ON ROADWAY,"4 OR MORE LANES, UNDIVIDED",False,60,SH0361,DRY,MARKED LANES,CLEAR
18227449,12050,False,12050,2023,CORPUS CHRISTI,FAILED TO CONTROL SPEED,226303,19.882,2021-04-25,0,4,0,0,N - NOT INJURED,0,1241,0,2021,SUNDAY,27.601,0,MOTOR VEHICLE IN TRANSPORT,TWO-WAY,12:00 - 12:59,,N/A,NON INTERSECTION,27.70724998,DAYLIGHT,YES,-97.15343828,SAME DIRECTION - BOTH GOING STRAIGHT-REAR END,NO MEDIAN,NOT APPLICABLE,5,NOT APPLICABLE,True,SLOWING/STOPPING-FOR TRAFFIC,"250,000 POP AND OVER",NO,0632,-0.082,US & STATE HIGHWAYS,"STRAIGHT, GRADE",MINOR ARTERIAL,ON ROADWAY,"4 OR MORE LANES, UNDIVIDED",False,60,SH0361,DRY,CENTER STRIPE/DIVIDER,CLEAR