Crash ID,Adj ADT,At Intersection Flag,ADT,ADT Year,City,Contributing Factors,Control Section,CS Milepoint,Crash Date,Death Count,Month,NonSusp Serious Inj,Possible Inj,Crash Severity,Susp Serious Inj,Crash Time,Total Inj,Year,Day of Week,DFO,Fatal Crash Flag,First Harmful Event,Hwy Lane Design,Hour,Intersecting Hwy Number,Intersecting Street Name,Intersection Related,Latitude,Light Condition,Located Flag,Longitude,Manner of Collision,Median Type,Entering Roads,Number of Lanes,Object Struck,On System Flag,Other Factor,Population Group,Private Drive Flag,Ref Marker,RM Offset,Road Class,Roadway Alignment,Roadway Function,Roadway Relation,Roadway Type,Rural Flag,Speed Limit,Street Name,Surface Condition,Traffic Control Type,Weather Condition
18261612,10439,False,10439,2023,CORPUS CHRISTI,UNSAFE SPEED,226303,24.645,2021-05-01,0,5,0,0,N - NOT INJURED,0,1416,0,2021,SATURDAY,32.364,0,FIXED OBJECT,TWO-WAY,14:00 - 14:59,,N/A,NON INTERSECTION,27.64788059,DAYLIGHT,YES,-97.19329878,ONE MOTOR VEHICLE - GOING STRAIGHT,NO MEDIAN,NOT APPLICABLE,5,DITCH,True,"LOST CONTROL OR SKIDDED (ICY OR SLICK ROAD, ETC.)","250,000 POP AND OVER",NO,0636,0.681,US & STATE HIGHWAYS,"STRAIGHT, LEVEL",MINOR ARTERIAL,OFF ROADWAY,"4 OR MORE LANES, UNDIVIDED",False,65,SH0361,WET,CENTER STRIPE/DIVIDER,RAIN
18255091,12050,False,12050,2023,CORPUS CHRISTI,FAILED TO DRIVE IN SINGLE LANE,226303,18.037,2021-05-14,0,5,0,0,N - NOT INJURED,0,0041,0,2021,FRIDAY,25.756,0,FIXED OBJECT,TWO-WAY,00:00 - 00:59,,N/A,NON INTERSECTION,27.73022045,"DARK, NOT LIGHTED",YES,-97.13795682,ONE MOTOR VEHICLE - GOING STRAIGHT,NO MEDIAN,NOT APPLICABLE,5,DITCH,True,SWERVED OR VEERED-REASON NOT SPECIFIED,"250,000 POP AND OVER",NO,0630,0.024,US & STATE HIGHWAYS,"STRAIGHT, LEVEL",MINOR ARTERIAL,OFF ROADWAY,"4 OR MORE LANES, UNDIVIDED",False,60,SH0361,DRY,MARKED LANES,CLEAR
18265716,10439,False,10439,2023,CORPUS CHRISTI,FAILED TO DRIVE IN SINGLE LANE,226303,20.333,2021-05-15,0,5,0,0,N - NOT INJURED,0,1525,0,2021,SATURDAY,28.052,0,MOTOR VEHICLE IN TRANSPORT,TWO-WAY,15:00 - 15:59,,N/A,NON INTERSECTION,27.70161603,DAYLIGHT,YES,-97.15719456,OPPOSITE DIRECTION - BOTH GOING STRAIGHT,NO MEDIAN,NOT APPLICABLE,5,NOT APPLICABLE,True,NOT APPLICABLE,"250,000 POP AND OVER",NO,0632,0.369,US & STATE HIGHWAYS,"STRAIGHT, LEVEL",MINOR ARTERIAL,ON ROADWAY,"4 OR MORE LANES, UNDIVIDED",False,60,SH0361,DRY,MARKED LANES,CLEAR
18262705,10439,False,10439,2023,CORPUS CHRISTI,FAILED TO CONTROL SPEED,226303,22.656,2021-05-16,0,5,0,0,N - NOT INJURED,0,1228,0,2021,SUNDAY,30.375,0,MOTOR VEHICLE IN TRANSPORT,TWO-WAY,12:00 - 12:59,,N/A,NON INTERSECTION,27.67266699,DAYLIGHT,YES,-97.17666452,SAME DIRECTION - BOTH GOING STRAIGHT-REAR END,NO MEDIAN,NOT APPLICABLE,5,NOT APPLICABLE,True,SLOWING/STOPPING-FOR TRAFFIC,"250,000 POP AND OVER",NO,0634,0.692,US & STATE HIGHWAYS,"STRAIGHT, LEVEL",MINOR ARTERIAL,ON ROADWAY,"4 OR MORE LANES, UNDIVIDED",False,65,SH0361,WET,CENTER STRIPE/DIVIDER,RAIN
18272980,10439,True,10439,2023,CORPUS CHRISTI,FAILED TO YIELD RIGHT OF WAY - STOP SIGN,226303,26.723,2021-05-22,0,5,2,0,B - SUSPECTED MINOR INJURY,0,2106,2,2021,SATURDAY,34.442,0,MOTOR VEHICLE IN TRANSPORT,TWO-WAY,21:00 - 21:59,,ZAHN RD,INTERSECTION,27.62201986,"DARK, LIGHTED",YES,-97.21077788,ANGLE - ONE STRAIGHT-ONE LEFT TURN,NO MEDIAN,THREE ENTERING ROADS - T,5,NOT APPLICABLE,True,NOT APPLICABLE,"250,000 POP AND OVER",NO,0638,0.76,US & STATE HIGHWAYS,"STRAIGHT, LEVEL",MINOR ARTERIAL,ON ROADWAY,"4 OR MORE LANES, UNDIVIDED",False,60,SH0361,DRY,STOP SIGN,CLOUDY
18274571,15893,False,15893,2023,PORT ARANSAS,DRIVER INATTENTION;FAILED TO YIELD RIGHT OF WAY - TURNING LEFT,226303,12.341,2021-05-23,0,5,0,0,N - NOT INJURED,0,1755,0,2021,SUNDAY,20.06,0,FIXED OBJECT,BOULEVARD,17:00 - 17:59,,GULFWIND DR,INTERSECTION RELATED,27.79986902,DAYLIGHT,YES,-97.08794643,ONE MOTOR VEHICLE - GOING STRAIGHT,CURBED,THREE ENTERING ROADS - T,4,DITCH,True,SWERVED OR VEERED-AVOIDING VEHICLE ENTERING ROAD,"2,500 - 4,999 POP",NO,0624,0.31,US & STATE HIGHWAYS,"STRAIGHT, LEVEL",MINOR ARTERIAL,OFF ROADWAY,"4 OR MORE LANES, DIVIDED",True,60,SH0361,DRY,MARKED LANES,CLEAR
18277078,10439,False,10439,2023,CORPUS CHRISTI,CHANGED LANE WHEN UNSAFE,226303,27.242,2021-05-26,0,5,0,0,N - NOT INJURED,0,0905,0,2021,WEDNESDAY,34.961,0,MOTOR VEHICLE IN TRANSPORT,TWO-WAY,09:00 - 09:59,,N/A,NON INTERSECTION,27.61797237,DAYLIGHT,YES,-97.21760066,SAME DIRECTION - BOTH GOING STRAIGHT-SIDESWIPE,NO MEDIAN,NOT APPLICABLE,5,NOT APPLICABLE,True,VEHICLE CHANGING LANES,"250,000 POP AND OVER",NO,0638,1.279,US & STATE HIGHWAYS,"STRAIGHT, GRADE",MINOR ARTERIAL,ON ROADWAY,"4 OR MORE LANES, UNDIVIDED",False,40,SH0361,DRY,MARKED LANES,CLEAR
18289128,10439,True,10439,2023,CORPUS CHRISTI,FAILED TO YIELD RIGHT OF WAY - TURNING LEFT,226303,26.723,2021-05-28,0,5,2,0,B - SUSPECTED MINOR INJURY,0,2045,2,2021,FRIDAY,34.442,0,MOTOR VEHICLE IN TRANSPORT,TWO-WAY,20:00 - 20:59,,ZAHN RD,INTERSECTION,27.62201986,"DARK, LIGHTED",YES,-97.21077788,ANGLE - ONE STRAIGHT-ONE LEFT TURN,NO MEDIAN,THREE ENTERING ROADS - T,5,NOT APPLICABLE,True,NOT APPLICABLE,"250,000 POP AND OVER",NO,0638,0.76,US & STATE HIGHWAYS,"STRAIGHT, LEVEL",MINOR ARTERIAL,ON ROADWAY,"4 OR MORE LANES, UNDIVIDED",False,65,SH0361,DRY,MARKED LANES,CLEAR
18289242,10439,True,10439,2023,CORPUS CHRISTI,FAILED TO DRIVE IN SINGLE LANE,226303,26.723,2021-05-28,0,5,0,0,N - NOT INJURED,0,2126,0,2021,FRIDAY,34.442,0,FIXED OBJECT,TWO-WAY,21:00 - 21:59,,ZAHN RD,INTERSECTION,27.62201986,"DARK, LIGHTED",YES,-97.21077788,ONE MOTOR VEHICLE - TURNING LEFT,NO MEDIAN,THREE ENTERING ROADS - T,5,HIT OTHER FIXED OBJECT,True,NOT APPLICABLE,"250,000 POP AND OVER",NO,0638,0.76,US & STATE HIGHWAYS,"STRAIGHT, LEVEL",MINOR ARTERIAL,ON ROADWAY,"4 OR MORE LANES, UNDIVIDED",False,60,SH0361,DRY,MARKED LANES,CLEAR
18288770,10439,False,10439,2023,CORPUS CHRISTI,FAILED TO CONTROL SPEED,226303,24.635,2021-05-30,0,5,0,0,N - NOT INJURED,0,2101,0,2021,SUNDAY,32.354,0,MOTOR VEHICLE IN TRANSPORT,TWO-WAY,21:00 - 21:59,,N/A,NON INTERSECTION,27.64800022,"DARK, NOT LIGHTED",YES,-97.19322085,SAME DIRECTION - BOTH GOING STRAIGHT-REAR END,NO MEDIAN,NOT APPLICABLE,5,NOT APPLICABLE,True,NOT APPLICABLE,"250,000 POP AND OVER",NO,0636,0.671,US & STATE HIGHWAYS,"STRAIGHT, LEVEL",MINOR ARTERIAL,ON ROADWAY,"4 OR MORE LANES, UNDIVIDED",False,60,SH0361,DRY,MARKED LANES,CLEAR
18285125,15893,True,15893,2023,PORT ARANSAS,FAILED TO CONTROL SPEED,226303,11.783,2021-05-31,0,5,0,0,N - NOT INJURED,0,1743,0,2021,MONDAY,19.502,0,MOTOR VEHICLE IN TRANSPORT,BOULEVARD,17:00 - 17:59,,UNKNOWN,INTERSECTION RELATED,27.80636734,DAYLIGHT,YES,-97.08248406,SAME DIRECTION - ONE STRAIGHT-ONE STOPPED,CURBED,FOUR ENTERING ROADS,4,NOT APPLICABLE,True,"SLOWING/STOPPING - FOR OFFICER, FLAGMAN, OR TRAFFIC CONTROL","2,500 - 4,999 POP",NO,0624,-0.248,US & STATE HIGHWAYS,"STRAIGHT, LEVEL",MINOR ARTERIAL,ON ROADWAY,"4 OR MORE LANES, DIVIDED",True,45,SH0361,DRY,SIGNAL LIGHT,CLEAR
18299272,15893,False,15893,2023,PORT ARANSAS,CHANGED LANE WHEN UNSAFE,226303,12.196,2021-06-07,0,6,1,0,B - SUSPECTED MINOR INJURY,0,1116,1,2021,MONDAY,19.915,0,MOTOR VEHICLE IN TRANSPORT,BOULEVARD,11:00 - 11:59,,N/A,NON INTERSECTION,27.80155339,DAYLIGHT,YES,-97.08653103,SAME DIRECTION - BOTH GOING STRAIGHT-SIDESWIPE,CURBED,NOT APPLICABLE,4,NOT APPLICABLE,True,VEHICLE CHANGING LANES,"2,500 - 4,999 POP",NO,0624,0.165,US & STATE HIGHWAYS,"STRAIGHT, LEVEL",MINOR ARTERIAL,ON ROADWAY,"4 OR MORE LANES, DIVIDED",True,55,SH0361,DRY,NONE,CLEAR
18315063,10439,False,10439,2023,CORPUS CHRISTI,CHANGED LANE WHEN UNSAFE; UNDER INFLUENCE - ALCOHOL,226303,20.799,2021-06-12,0,6,0,1,C - POSSIBLE INJURY,0,1729,1,2021,SATURDAY,28.518,0,MOTOR VEHICLE IN TRANSPORT,TWO-WAY,17:00 - 17:59,,N/A,NON INTERSECTION,27.69582026,DAYLIGHT,YES,-97.16110435,SAME DIRECTION - BOTH GOING STRAIGHT-SIDESWIPE,NO MEDIAN,THREE ENTERING ROADS - T,5,NOT APPLICABLE,True,VEHICLE CHANGING LANES,"250,000 POP AND OVER",NO,0632,0.835,US & STATE HIGHWAYS,"STRAIGHT, LEVEL",MINOR ARTERIAL,ON ROADWAY,"4 OR MORE LANES, UNDIVIDED",False,60,SH0361,DRY,MARKED LANES,CLEAR
18318687,15893,True,15893,2023,PORT ARANSAS,FAILED TO YIELD RIGHT OF WAY - STOP SIGN,226303,12.038,2021-06-18,0,6,0,0,N - NOT INJURED,0,1435,0,2021,FRIDAY,19.757,0,MOTOR VEHICLE IN TRANSPORT,BOULEVARD,14:00 - 14:59,,UNKNOWN,INTERSECTION,27.80338938,DAYLIGHT,YES,-97.08498763,ANGLE - BOTH GOING STRAIGHT,CURBED,THREE ENTERING ROADS - T,4,NOT APPLICABLE,True,NOT APPLICABLE,"2,500 - 4,999 POP",NO,0624,0.007,US & STATE HIGHWAYS,"STRAIGHT, LEVEL",MINOR ARTERIAL,ON ROADWAY,"4 OR MORE LANES, DIVIDED",True,55,SH0361,DRY,STOP SIGN,CLEAR
18333738,10439,False,10439,2023,CORPUS CHRISTI,FAILED TO YIELD RIGHT OF WAY - PRIVATE DRIVE,226303,27.451,2021-06-26,0,6,0,1,C - POSSIBLE INJURY,0,1933,1,2021,SATURDAY,35.17,0,MOTOR VEHICLE IN TRANSPORT,TWO-WAY,19:00 - 19:59,,N/A,DRIVEWAY ACCESS,27.61787862,DAYLIGHT,YES,-97.22100159,ANGLE - ONE STRAIGHT-ONE LEFT TURN,NO MEDIAN,NOT APPLICABLE,5,NOT APPLICABLE,True,ONE VEHICLE LEAVING DRIVEWAY,"250,000 POP AND OVER",NO,0638,1.488,US & STATE HIGHWAYS,"STRAIGHT, LEVEL",MINOR ARTERIAL,ON ROADWAY,"4 OR MORE LANES, UNDIVIDED",False,55,SH0361,DRY,MARKED LANES,CLEAR
18350682,12050,True,12050,2023,CORPUS CHRISTI,FAILED TO CONTROL SPEED,226303,18.054,2021-06-29,0,6,1,2,B - SUSPECTED MINOR INJURY,0,1326,3,2021,TUESDAY,25.773,0,MOTOR VEHICLE IN TRANSPORT,TWO-WAY,13:00 - 13:59,,BEACH VIEW DR,INTERSECTION RELATED,27.73001644,DAYLIGHT,YES,-97.13809444,SAME DIRECTION - BOTH GOING STRAIGHT-SIDESWIPE,NO MEDIAN,THREE ENTERING ROADS - T,5,NOT APPLICABLE,True,SLOWING/STOPPING-TO MAKE LEFT TURN,"250,000 POP AND OVER",NO,0630,0.041,US & STATE HIGHWAYS,"STRAIGHT, LEVEL",MINOR ARTERIAL,ON ROADWAY,"4 OR MORE LANES, UNDIVIDED",False,65,SH0361,DRY,MARKED LANES,CLOUDY
18347420,15893,True,15893,2023,PORT ARANSAS,FAILED TO YIELD RIGHT OF WAY - TURNING LEFT,226303,11.782,2021-07-04,0,7,0,0,N - NOT INJURED,0,1126,0,2021,SUNDAY,19.501,0,MOTOR VEHICLE IN TRANSPORT,BOULEVARD,11:00 - 11:59,,UNKNOWN,INTERSECTION,27.80637738,DAYLIGHT,YES,-97.08247511,OPPOSITE DIRECTION - ONE STRAIGHT-ONE LEFT TURN,CURBED,FOUR ENTERING ROADS,4,NOT APPLICABLE,True,NOT APPLICABLE,"2,500 - 4,999 POP",NO,0624,-0.249,US & STATE HIGHWAYS,"STRAIGHT, LEVEL",MINOR ARTERIAL,ON ROADWAY,"4 OR MORE LANES, DIVIDED",True,55,SH0361,DRY,SIGNAL LIGHT,CLEAR
18351445,10439,False,10439,2023,CORPUS CHRISTI,FAILED TO CONTROL SPEED;FAILED TO YIELD RIGHT OF WAY - TURNING LEFT,226303,27.198,2021-07-05,0,7,0,0,N - NOT INJURED,0,0611,0,2021,MONDAY,34.917,0,MOTOR VEHICLE IN TRANSPORT,TWO-WAY,06:00 - 06:59,,N/A,DRIVEWAY ACCESS,27.61809583,DAWN,YES,-97.2169034,SAME DIRECTION - BOTH GOING STRAIGHT-REAR END,NO MEDIAN,NOT APPLICABLE,5,NOT APPLICABLE,True,SLOWING/STOPPING-FOR VEHICLE FROM OPPOSITE DIRECTION IN WRONG LANE,"250,000 POP AND OVER",NO,0638,1.235,US & STATE HIGHWAYS,"STRAIGHT, HILLCREST",MINOR ARTERIAL,ON ROADWAY,"4 OR MORE LANES, UNDIVIDED",False,55,SH0361,DRY,MARKED LANES,CLOUDY
18376575,10439,False,10439,2023,CORPUS CHRISTI,FAILED TO CONTROL SPEED,226303,27.432,2021-07-16,0,7,0,0,N - NOT INJURED,0,2005,0,2021,FRIDAY,35.151,0,MOTOR VEHICLE IN TRANSPORT,TWO-WAY,20:00 - 20:59,,N/A,NON INTERSECTION,27.61787421,DAYLIGHT,YES,-97.22069103,SAME DIRECTION - BOTH GOING STRAIGHT-REAR END,NO MEDIAN,NOT APPLICABLE,5,NOT APPLICABLE,True,SLOWING/STOPPING-FOR TRAFFIC,"250,000 POP AND OVER",NO,0638,1.469,US & STATE HIGHWAYS,"STRAIGHT, LEVEL",MINOR ARTERIAL,ON ROADWAY,"4 OR MORE LANES, UNDIVIDED",False,45,SH0361,DRY,MARKED LANES,CLEAR
18375296,15893,True,15893,2023,PORT ARANSAS,FAILED TO YIELD RIGHT OF WAY - TURNING LEFT,226303,11.782,2021-07-20,0,7,0,1,C - POSSIBLE INJURY,0,1241,1,2021,TUESDAY,19.501,0,MOTOR VEHICLE IN TRANSPORT,BOULEVARD,12:00 - 12:59,,ACCESS ROAD 1 A,INTERSECTION,27.80637738,DAYLIGHT,YES,-97.0824751,OPPOSITE DIRECTION - ONE STRAIGHT-ONE LEFT TURN,CURBED,FOUR ENTERING ROADS,4,HIT TRAFFIC SIGNAL POLE OR POST,True,NOT APPLICABLE,"2,500 - 4,999 POP",NO,0624,-0.249,US & STATE HIGHWAYS,"STRAIGHT, LEVEL",MINOR ARTERIAL,ON ROADWAY,"4 OR MORE LANES, DIVIDED",True,45,SH0361,DRY,SIGNAL LIGHT,CLEAR
18384989,10439,False,10439,2023,CORPUS CHRISTI,FAILED TO CONTROL SPEED,226303,20.347,2021-07-23,0,7,1,1,B - SUSPECTED MINOR INJURY,0,1241,2,2021,FRIDAY,28.066,0,MOTOR VEHICLE IN TRANSPORT,TWO-WAY,12:00 - 12:59,,N/A,NON INTERSECTION,27.7014348,DAYLIGHT,YES,-97.15731674,SAME DIRECTION - BOTH GOING STRAIGHT-REAR END,NO MEDIAN,NOT APPLICABLE,5,NOT APPLICABLE,True,SLOWING/STOPPING-FOR TRAFFIC,"250,000 POP AND OVER",NO,0632,0.383,US & STATE HIGHWAYS,"STRAIGHT, LEVEL",MINOR ARTERIAL,ON ROADWAY,"4 OR MORE LANES, UNDIVIDED",False,60,SH0361,DRY,CENTER STRIPE/DIVIDER,CLEAR
18383106,12050,False,12050,2023,OUTSIDE CITY LIMITS,FAILED TO CONTROL SPEED; FATIGUED OR ASLEEP,226303,13.89,2021-07-25,0,7,0,2,C - POSSIBLE INJURY,0,1556,2,2021,SUNDAY,21.609,0,MOTOR VEHICLE IN TRANSPORT,TWO-WAY,15:00 - 15:59,,N/A,NON INTERSECTION,27.78184354,DAYLIGHT,YES,-97.10307258,SAME DIRECTION - BOTH GOING STRAIGHT-REAR END,NO MEDIAN,FOUR ENTERING ROADS,5,NOT APPLICABLE,True,ATTENTION DIVERTED FROM DRIVING,RURAL,NO,0626,-0.103,US & STATE HIGHWAYS,"STRAIGHT, LEVEL",MINOR ARTERIAL,ON ROADWAY,"4 OR MORE LANES, UNDIVIDED",True,60,SH0361,DRY,STOP SIGN,CLEAR
18393864,10439,False,10439,2023,CORPUS CHRISTI,OVERTAKE AND PASS INSUFFICIENT CLEARANCE,226303,26.498,2021-07-31,0,7,0,0,N - NOT INJURED,0,1849,0,2021,SATURDAY,34.217,0,MOTOR VEHICLE IN TRANSPORT,TWO-WAY,18:00 - 18:59,,N/A,NON INTERSECTION,27.62479077,DAYLIGHT,YES,-97.20884991,SAME DIRECTION - BOTH GOING STRAIGHT-SIDESWIPE,NO MEDIAN,NOT APPLICABLE,5,NOT APPLICABLE,True,VEHICLE PASSING OR ATTEMPTING TO PASS ON LEFT,"250,000 POP AND OVER",NO,0638,0.535,US & STATE HIGHWAYS,"STRAIGHT, LEVEL",MINOR ARTERIAL,ON ROADWAY,"4 OR MORE LANES, UNDIVIDED",False,45,SH0361,DRY,MARKED LANES,CLEAR
18423713,12050,False,12050,2023,CORPUS CHRISTI,FAILED TO CONTROL SPEED,226303,19.365,2021-08-14,0,8,0,0,N - NOT INJURED,0,1446,0,2021,SATURDAY,27.084,0,MOTOR VEHICLE IN TRANSPORT,TWO-WAY,14:00 - 14:59,,N/A,DRIVEWAY ACCESS,27.71368937,DAYLIGHT,YES,-97.14909498,SAME DIRECTION - ONE STRAIGHT-ONE LEFT TURN,NO MEDIAN,NOT APPLICABLE,5,NOT APPLICABLE,True,ONE VEHICLE ENTERING DRIVEWAY,"250,000 POP AND OVER",NO,0632,-0.599,US & STATE HIGHWAYS,"STRAIGHT, LEVEL",MINOR ARTERIAL,ON ROADWAY,"4 OR MORE LANES, UNDIVIDED",False,60,SH0361,DRY,CENTER STRIPE/DIVIDER,CLEAR
18423924,10439,False,10439,2023,CORPUS CHRISTI,FAILED TO CONTROL SPEED,226303,26.685,2021-08-15,0,8,0,0,N - NOT INJURED,0,1038,0,2021,SUNDAY,34.404,0,MOTOR VEHICLE IN TRANSPORT,TWO-WAY,10:00 - 10:59,,N/A,NON INTERSECTION,27.62248584,DAYLIGHT,YES,-97.21045256,SAME DIRECTION - BOTH GOING STRAIGHT-REAR END,NO MEDIAN,NOT APPLICABLE,5,NOT APPLICABLE,True,SLOWING/STOPPING-FOR TRAFFIC,"250,000 POP AND OVER",NO,0638,0.722,US & STATE HIGHWAYS,"STRAIGHT, GRADE",MINOR ARTERIAL,ON ROADWAY,"4 OR MORE LANES, UNDIVIDED",False,55,SH0361,DRY,CENTER STRIPE/DIVIDER,CLEAR
18450031,10439,False,10439,2023,CORPUS CHRISTI,FAILED TO CONTROL SPEED; UNDER INFLUENCE - ALCOHOL,226303,24.69,2021-08-19,0,8,0,0,N - NOT INJURED,0,2153,0,2021,THURSDAY,32.409,0,MOTOR VEHICLE IN TRANSPORT,TWO-WAY,21:00 - 21:59,,N/A,NON INTERSECTION,27.64731161,"DARK, NOT LIGHTED",YES,-97.19368752,SAME DIRECTION - BOTH GOING STRAIGHT-REAR END,NO MEDIAN,NOT APPLICABLE,5,NOT APPLICABLE,True,NOT APPLICABLE,"250,000 POP AND OVER",NO,0636,0.726,US & STATE HIGHWAYS,"STRAIGHT, LEVEL",MINOR ARTERIAL,ON ROADWAY,"4 OR MORE LANES, UNDIVIDED",False,60,SH0361,DRY,MARKED LANES,CLEAR
18450829,10439,True,10439,2023,CORPUS CHRISTI,FAILED TO YIELD RIGHT OF WAY - STOP SIGN,226303,26.723,2021-08-25,0,8,0,0,N - NOT INJURED,0,0650,0,2021,WEDNESDAY,34.442,0,MOTOR VEHICLE IN TRANSPORT,TWO-WAY,06:00 - 06:59,,ZAHN RD,INTERSECTION,27.62201986,"DARK, LIGHTED",YES,-97.21077788,ANGLE - ONE STRAIGHT-ONE LEFT TURN,NO MEDIAN,THREE ENTERING ROADS - T,5,NOT APPLICABLE,True,NOT APPLICABLE,"250,000 POP AND OVER",NO,0638,0.76,US & STATE HIGHWAYS,"STRAIGHT, LEVEL",MINOR ARTERIAL,ON ROADWAY,"4 OR MORE LANES, UNDIVIDED",False,60,SH0361,WET,STOP SIGN,CLOUDY
18459462,12050,False,12050,2023,CORPUS CHRISTI,FAILED TO CONTROL SPEED,226303,19.199,2021-09-03,0,9,0,0,N - NOT INJURED,0,1714,0,2021,FRIDAY,26.918,0,MOTOR VEHICLE IN TRANSPORT,TWO-WAY,17:00 - 17:59,,UNKNOWN,INTERSECTION RELATED,27.71575062,DAYLIGHT,YES,-97.14770475,SAME DIRECTION - BOTH GOING STRAIGHT-REAR END,NO MEDIAN,NOT APPLICABLE,5,NOT APPLICABLE,True,SLOWING/STOPPING-FOR TRAFFIC,"250,000 POP AND OVER",NO,0632,-0.765,US & STATE HIGHWAYS,"STRAIGHT, LEVEL",MINOR ARTERIAL,ON ROADWAY,"4 OR MORE LANES, UNDIVIDED",False,60,SH0361,DRY,CENTER STRIPE/DIVIDER,CLEAR
18506824,15893,True,15893,2023,PORT ARANSAS,DISREGARD STOP SIGN OR LIGHT,226303,11.782,2021-10-01,0,10,0,0,N - NOT INJURED,0,1640,0,2021,FRIDAY,19.501,0,MOTOR VEHICLE IN TRANSPORT,BOULEVARD,16:00 - 16:59,,ACCESS ROAD 1 A,INTERSECTION,27.80637738,DAYLIGHT,YES,-97.0824751,ANGLE - ONE STRAIGHT-ONE LEFT TURN,CURBED,FOUR ENTERING ROADS,4,NOT APPLICABLE,True,NOT APPLICABLE,"2,500 - 4,999 POP",NO,0624,-0.249,US & STATE HIGHWAYS,"STRAIGHT, LEVEL",MINOR ARTERIAL,ON ROADWAY,"4 OR MORE LANES, DIVIDED",True,30,SH0361,WET,STOP SIGN,CLOUDY
18519885,10439,False,10439,2023,CORPUS CHRISTI,FAILED TO PASS TO LEFT SAFELY; PASSED IN NO PASSING LANE,226303,26.817,2021-10-02,0,10,0,2,C - POSSIBLE INJURY,0,2306,2,2021,SATURDAY,34.536,0,MOTOR VEHICLE IN TRANSPORT,TWO-WAY,23:00 - 23:59,,N/A,NON INTERSECTION,27.62092836,"DARK, LIGHTED",YES,-97.21170145,SAME DIRECTION - BOTH GOING STRAIGHT-SIDESWIPE,NO MEDIAN,NOT APPLICABLE,5,NOT APPLICABLE,True,VEHICLE PASSING OR ATTEMPTING TO PASS ON LEFT,"250,000 POP AND OVER",NO,0638,0.854,US & STATE HIGHWAYS,"CURVE, HILLCREST",MINOR ARTERIAL,ON ROADWAY,"4 OR MORE LANES, UNDIVIDED",False,60,SH0361,DRY,CENTER STRIPE/DIVIDER,CLEAR
18518435,15893,True,15893,2023,PORT ARANSAS,FAULTY EVASIVE ACTION; TURNED IMPROPERLY - WRONG LANE,226303,12.309,2021-10-06,0,10,0,0,N - NOT INJURED,0,1926,0,2021,WEDNESDAY,20.028,0,MOTOR VEHICLE IN TRANSPORT,BOULEVARD,19:00 - 19:59,,UNKNOWN,INTERSECTION,27.80023402,"DARK, NOT LIGHTED",YES,-97.08764014,SAME DIRECTION - ONE STRAIGHT-ONE LEFT TURN,CURBED,THREE ENTERING ROADS - T,4,NOT APPLICABLE,True,NOT APPLICABLE,"2,500 - 4,999 POP",NO,0624,0.278,US & STATE HIGHWAYS,"STRAIGHT, LEVEL",MINOR ARTERIAL,ON ROADWAY,"4 OR MORE LANES, DIVIDED",True,55,SH0361,DRY,NONE,CLEAR
18527018,10439,False,10439,2023,CORPUS CHRISTI,FAILED TO CONTROL SPEED,226303,23.747,2021-10-12,0,10,0,0,N - NOT INJURED,0,1709,0,2021,TUESDAY,31.466,0,MOTOR VEHICLE IN TRANSPORT,TWO-WAY,17:00 - 17:59,,N/A,NON INTERSECTION,27.65907658,DAYLIGHT,YES,-97.18580497,SAME DIRECTION - BOTH GOING STRAIGHT-REAR END,NO MEDIAN,NOT APPLICABLE,5,NOT APPLICABLE,True,SLOWING/STOPPING-FOR OBJECT IN ROAD,"250,000 POP AND OVER",NO,0636,-0.217,US & STATE HIGHWAYS,"STRAIGHT, GRADE",MINOR ARTERIAL,ON ROADWAY,"4 OR MORE LANES, UNDIVIDED",False,55,SH0361,DRY,CENTER STRIPE/DIVIDER,CLEAR