Crash ID,Adj ADT,At Intersection Flag,ADT,ADT Year,City,Contributing Factors,Control Section,CS Milepoint,Crash Date,Death Count,Month,NonSusp Serious Inj,Possible Inj,Crash Severity,Susp Serious Inj,Crash Time,Total Inj,Year,Day of Week,DFO,Fatal Crash Flag,First Harmful Event,Hwy Lane Design,Hour,Intersecting Hwy Number,Intersecting Street Name,Intersection Related,Latitude,Light Condition,Located Flag,Longitude,Manner of Collision,Median Type,Entering Roads,Number of Lanes,Object Struck,On System Flag,Other Factor,Population Group,Private Drive Flag,Ref Marker,RM Offset,Road Class,Roadway Alignment,Roadway Function,Roadway Relation,Roadway Type,Rural Flag,Speed Limit,Street Name,Surface Condition,Traffic Control Type,Weather Condition
19031708,15893,True,15893,2023,PORT ARANSAS,DISREGARD STOP AND GO SIGNAL,226303,11.782,2022-07-27,0,7,0,0,N - NOT INJURED,0,1534,0,2022,WEDNESDAY,19.501,0,MOTOR VEHICLE IN TRANSPORT,BOULEVARD,15:00 - 15:59,,ACCESS ROAD 1 A,INTERSECTION,27.80637738,DAYLIGHT,YES,-97.0824751,ANGLE - ONE STRAIGHT-ONE LEFT TURN,CURBED,FOUR ENTERING ROADS,4,NOT APPLICABLE,True,NOT APPLICABLE,"2,500 - 4,999 POP",NO,0624,-0.249,US & STATE HIGHWAYS,"STRAIGHT, LEVEL",MINOR ARTERIAL,ON ROADWAY,"4 OR MORE LANES, DIVIDED",True,45,SH0361,DRY,SIGNAL LIGHT,CLEAR
19075579,10439,False,10439,2023,CORPUS CHRISTI,UNDER INFLUENCE - ALCOHOL; WRONG SIDE - NOT PASSING,226303,20.115,2022-08-13,2,8,1,0,K - FATAL INJURY,0,2356,1,2022,SATURDAY,27.834,1,MOTOR VEHICLE IN TRANSPORT,TWO-WAY,23:00 - 23:59,,N/A,NON INTERSECTION,27.7043407,"DARK, NOT LIGHTED",YES,-97.1553801,OPPOSITE DIRECTION - BOTH GOING STRAIGHT,NO MEDIAN,NOT APPLICABLE,5,HIT UTILITY POLE,True,SWERVED OR VEERED-REASON NOT SPECIFIED,"250,000 POP AND OVER",NO,0632,0.151,US & STATE HIGHWAYS,"STRAIGHT, LEVEL",MINOR ARTERIAL,ON ROADWAY,"4 OR MORE LANES, UNDIVIDED",False,60,SH0361,DRY,MARKED LANES,CLEAR
19101670,10439,False,10439,2023,CORPUS CHRISTI,FAILED TO CONTROL SPEED,226303,20.255,2022-08-14,0,8,1,0,B - SUSPECTED MINOR INJURY,0,1217,1,2022,SUNDAY,27.974,0,MOTOR VEHICLE IN TRANSPORT,TWO-WAY,12:00 - 12:59,,N/A,NON INTERSECTION,27.70257769,DAYLIGHT,YES,-97.15654624,SAME DIRECTION - ONE STRAIGHT-ONE STOPPED,NO MEDIAN,NOT APPLICABLE,5,NOT APPLICABLE,True,SLOWING/STOPPING-FOR TRAFFIC,"250,000 POP AND OVER",NO,0632,0.291,US & STATE HIGHWAYS,"STRAIGHT, LEVEL",MINOR ARTERIAL,ON ROADWAY,"4 OR MORE LANES, UNDIVIDED",False,65,SH0361,WET,CENTER STRIPE/DIVIDER,RAIN
19075435,10439,True,10439,2023,CORPUS CHRISTI,FAILED TO YIELD RIGHT OF WAY - STOP SIGN,226303,26.723,2022-08-20,0,8,0,2,C - POSSIBLE INJURY,0,1929,2,2022,SATURDAY,34.442,0,MOTOR VEHICLE IN TRANSPORT,TWO-WAY,19:00 - 19:59,,ZAHN RD,INTERSECTION,27.62201986,DAYLIGHT,YES,-97.21077788,ANGLE - ONE STRAIGHT-ONE LEFT TURN,NO MEDIAN,THREE ENTERING ROADS - T,5,NOT APPLICABLE,True,NOT APPLICABLE,"250,000 POP AND OVER",NO,0638,0.76,US & STATE HIGHWAYS,"STRAIGHT, LEVEL",MINOR ARTERIAL,ON ROADWAY,"4 OR MORE LANES, UNDIVIDED",False,55,SH0361,DRY,STOP SIGN,CLEAR
19121151,10439,False,10439,2023,CORPUS CHRISTI,FAILED TO CONTROL SPEED,226303,26.836,2022-08-27,0,8,0,0,99 - UNKNOWN,0,0711,0,2022,SATURDAY,34.555,0,FIXED OBJECT,TWO-WAY,07:00 - 07:59,,N/A,NON INTERSECTION,27.62071413,DAYLIGHT,YES,-97.21189669,ONE MOTOR VEHICLE - GOING STRAIGHT,NO MEDIAN,NOT APPLICABLE,5,HIT LUMINAIRE POLE,True,NOT APPLICABLE,"250,000 POP AND OVER",NO,0638,0.873,US & STATE HIGHWAYS,"CURVE, LEVEL",MINOR ARTERIAL,OFF ROADWAY,"4 OR MORE LANES, UNDIVIDED",False,15,SH0361,DRY,CENTER STRIPE/DIVIDER,CLEAR
19086461,15893,True,15893,2023,PORT ARANSAS,FAILED TO YIELD RIGHT OF WAY - TURNING LEFT,226303,11.782,2022-08-28,0,8,3,0,A - SUSPECTED SERIOUS INJURY,1,1727,4,2022,SUNDAY,19.501,0,MOTOR VEHICLE IN TRANSPORT,BOULEVARD,17:00 - 17:59,,UNKNOWN,INTERSECTION,27.80637677,DAYLIGHT,YES,-97.08247565,OPPOSITE DIRECTION - ONE STRAIGHT-ONE LEFT TURN,CURBED,FOUR ENTERING ROADS,4,OVERTURNED,True,NOT APPLICABLE,"2,500 - 4,999 POP",NO,0624,-0.249,US & STATE HIGHWAYS,"STRAIGHT, LEVEL",MINOR ARTERIAL,ON ROADWAY,"4 OR MORE LANES, DIVIDED",True,55,SH0361,DRY,SIGNAL LIGHT,CLEAR
19101688,10439,True,10439,2023,CORPUS CHRISTI,DISREGARD STOP SIGN OR LIGHT,226303,27.498,2022-08-31,0,8,0,0,N - NOT INJURED,0,1929,0,2022,WEDNESDAY,35.217,0,MOTOR VEHICLE IN TRANSPORT,TWO-WAY,19:00 - 19:59,0022,PR0022,INTERSECTION,27.6178894,"DARK, LIGHTED",YES,-97.22177124,OPPOSITE DIRECTION - ONE STRAIGHT-ONE LEFT TURN,NO MEDIAN,FOUR ENTERING ROADS,5,NOT APPLICABLE,True,NOT APPLICABLE,"250,000 POP AND OVER",NO,0638,1.535,US & STATE HIGHWAYS,"STRAIGHT, LEVEL",MINOR ARTERIAL,ON ROADWAY,"4 OR MORE LANES, UNDIVIDED",False,55,SH0361,DRY,MARKED LANES,CLEAR
19096958,10439,False,10439,2023,CORPUS CHRISTI,BACKED WITHOUT SAFETY; UNDER INFLUENCE - ALCOHOL,226303,20.449,2022-09-05,0,9,0,0,N - NOT INJURED,0,1204,0,2022,MONDAY,28.168,0,MOTOR VEHICLE IN TRANSPORT,TWO-WAY,12:00 - 12:59,,N/A,NON INTERSECTION,27.70016485,DAYLIGHT,YES,-97.15817309,OPPOSITE DIRECTION - ONE STRAIGHT-ONE BACKING,NO MEDIAN,NOT APPLICABLE,5,NOT APPLICABLE,True,SLOWING/STOPPING-FOR TRAFFIC,"250,000 POP AND OVER",NO,0632,0.485,US & STATE HIGHWAYS,"STRAIGHT, LEVEL",MINOR ARTERIAL,ON ROADWAY,"4 OR MORE LANES, UNDIVIDED",False,60,SH0361,WET,MARKED LANES,CLOUDY
19113966,10439,False,10439,2023,CORPUS CHRISTI,FAILED TO DRIVE IN SINGLE LANE; FAILED TO PASS TO LEFT SAFELY,226303,24.541,2022-09-07,0,9,0,0,N - NOT INJURED,0,1758,0,2022,WEDNESDAY,32.26,0,MOTOR VEHICLE IN TRANSPORT,TWO-WAY,17:00 - 17:59,,N/A,NON INTERSECTION,27.64917717,DAYLIGHT,YES,-97.19245626,SAME DIRECTION - BOTH GOING STRAIGHT-SIDESWIPE,NO MEDIAN,NOT APPLICABLE,5,NOT APPLICABLE,True,VEHICLE PASSING OR ATTEMPTING TO PASS ON LEFT,"250,000 POP AND OVER",NO,0636,0.577,US & STATE HIGHWAYS,"STRAIGHT, LEVEL",MINOR ARTERIAL,ON ROADWAY,"4 OR MORE LANES, UNDIVIDED",False,60,SH0361,DRY,MARKED LANES,CLEAR
19107092,12050,True,12050,2023,CORPUS CHRISTI,FAILED TO YIELD RIGHT OF WAY - TURNING LEFT,226303,17.571,2022-09-10,0,9,0,2,A - SUSPECTED SERIOUS INJURY,1,1606,3,2022,SATURDAY,25.29,0,MOTOR VEHICLE IN TRANSPORT,TWO-WAY,16:00 - 16:59,,N/A,DRIVEWAY ACCESS,27.7360313,DAYLIGHT,YES,-97.13403683,OPPOSITE DIRECTION - ONE STRAIGHT-ONE LEFT TURN,NO MEDIAN,THREE ENTERING ROADS - T,5,NOT APPLICABLE,True,ONE VEHICLE ENTERING DRIVEWAY,"250,000 POP AND OVER",NO,0630,-0.442,US & STATE HIGHWAYS,"STRAIGHT, LEVEL",MINOR ARTERIAL,ON ROADWAY,"4 OR MORE LANES, UNDIVIDED",False,60,SH0361,DRY,MARKED LANES,CLEAR
19161549,10439,False,10439,2023,CORPUS CHRISTI,ILL (EXPLAIN IN NARRATIVE),226303,24.69,2022-10-03,0,10,1,0,B - SUSPECTED MINOR INJURY,0,0854,1,2022,MONDAY,32.409,0,FIXED OBJECT,TWO-WAY,08:00 - 08:59,,N/A,NON INTERSECTION,27.64731117,DAYLIGHT,YES,-97.19368782,ONE MOTOR VEHICLE - GOING STRAIGHT,NO MEDIAN,NOT APPLICABLE,5,HIT CULVERT-HEADWALL,True,ATTENTION DIVERTED FROM DRIVING,"250,000 POP AND OVER",NO,0636,0.726,US & STATE HIGHWAYS,"STRAIGHT, LEVEL",MINOR ARTERIAL,OFF ROADWAY,"4 OR MORE LANES, UNDIVIDED",False,65,SH0361,DRY,CENTER STRIPE/DIVIDER,CLEAR
19192267,15893,False,15893,2023,PORT ARANSAS,DISTRACTION IN VEHICLE,226303,11.971,2022-10-17,0,10,0,0,N - NOT INJURED,0,1150,0,2022,MONDAY,19.69,0,MOTOR VEHICLE IN TRANSPORT,BOULEVARD,11:00 - 11:59,,N/A,NON INTERSECTION,27.80417809,DAYLIGHT,YES,-97.0843246,SAME DIRECTION - BOTH GOING STRAIGHT-REAR END,CURBED,NOT APPLICABLE,4,NOT APPLICABLE,True,ATTENTION DIVERTED FROM DRIVING,"2,500 - 4,999 POP",NO,0624,-0.06,US & STATE HIGHWAYS,"STRAIGHT, LEVEL",MINOR ARTERIAL,ON ROADWAY,"4 OR MORE LANES, DIVIDED",True,55,SH0361,WET,MARKED LANES,RAIN
19184563,15893,True,15893,2023,PORT ARANSAS,FAILED TO CONTROL SPEED;OTHER (EXPLAIN IN NARRATIVE),226303,12.309,2022-10-21,0,10,0,0,N - NOT INJURED,0,1635,0,2022,FRIDAY,20.028,0,MOTOR VEHICLE IN TRANSPORT,BOULEVARD,16:00 - 16:59,,MUSTANG BLVD,INTERSECTION,27.80023347,DAYLIGHT,YES,-97.08764061,SAME DIRECTION - BOTH GOING STRAIGHT-REAR END,CURBED,THREE ENTERING ROADS - T,4,NOT APPLICABLE,True,SLOWING/STOPPING-FOR ANIMAL IN ROAD,"2,500 - 4,999 POP",NO,0624,0.278,US & STATE HIGHWAYS,"STRAIGHT, LEVEL",MINOR ARTERIAL,ON ROADWAY,"4 OR MORE LANES, DIVIDED",True,55,SH0361,DRY,CENTER STRIPE/DIVIDER,CLEAR
19196090,15893,True,15893,2023,PORT ARANSAS,DRIVER INATTENTION,226303,11.782,2022-10-28,0,10,0,1,C - POSSIBLE INJURY,0,1347,1,2022,FRIDAY,19.501,0,MOTOR VEHICLE IN TRANSPORT,BOULEVARD,13:00 - 13:59,,UNKNOWN,INTERSECTION RELATED,27.80637738,DAYLIGHT,YES,-97.0824751,SAME DIRECTION - ONE STRAIGHT-ONE STOPPED,CURBED,FOUR ENTERING ROADS,4,NOT APPLICABLE,True,"SLOWING/STOPPING - FOR OFFICER, FLAGMAN, OR TRAFFIC CONTROL","2,500 - 4,999 POP",NO,0624,-0.249,US & STATE HIGHWAYS,"STRAIGHT, LEVEL",MINOR ARTERIAL,ON ROADWAY,"4 OR MORE LANES, DIVIDED",True,45,SH0361,DRY,SIGNAL LIGHT,CLEAR
19218144,12050,True,12050,2023,CORPUS CHRISTI,FAILED TO YIELD RIGHT OF WAY - STOP SIGN,226303,17.571,2022-11-02,0,11,3,0,B - SUSPECTED MINOR INJURY,0,1718,3,2022,WEDNESDAY,25.29,0,MOTOR VEHICLE IN TRANSPORT,TWO-WAY,17:00 - 17:59,,SEACOMBER DR,INTERSECTION,27.7360313,DAYLIGHT,YES,-97.13403683,ANGLE - ONE STRAIGHT-ONE LEFT TURN,NO MEDIAN,THREE ENTERING ROADS - T,5,NOT APPLICABLE,True,NOT APPLICABLE,"250,000 POP AND OVER",NO,0630,-0.442,US & STATE HIGHWAYS,"STRAIGHT, LEVEL",MINOR ARTERIAL,ON ROADWAY,"4 OR MORE LANES, UNDIVIDED",False,60,SH0361,DRY,STOP SIGN,CLOUDY
19218226,10439,True,10439,2023,CORPUS CHRISTI,CHANGED LANE WHEN UNSAFE,226303,25.682,2022-11-05,0,11,2,0,B - SUSPECTED MINOR INJURY,0,1940,2,2022,SATURDAY,33.401,0,MOTOR VEHICLE IN TRANSPORT,TWO-WAY,19:00 - 19:59,,NEWPORT PASS RD,INTERSECTION,27.63496101,"DARK, LIGHTED",YES,-97.2020111,SAME DIRECTION - ONE STRAIGHT-ONE LEFT TURN,NO MEDIAN,THREE ENTERING ROADS - T,5,NOT APPLICABLE,True,VEHICLE CHANGING LANES,"250,000 POP AND OVER",NO,0638,-0.281,US & STATE HIGHWAYS,"STRAIGHT, LEVEL",MINOR ARTERIAL,ON ROADWAY,"4 OR MORE LANES, UNDIVIDED",False,65,SH0361,DRY,MARKED LANES,CLOUDY
19230055,15893,False,15893,2023,PORT ARANSAS,DRIVER INATTENTION; FAILED TO CONTROL SPEED; FAULTY EVASIVE ACTION,226303,12.309,2022-11-12,0,11,0,0,N - NOT INJURED,0,1002,0,2022,SATURDAY,20.028,0,FIXED OBJECT,BOULEVARD,10:00 - 10:59,,N/A,NON INTERSECTION,27.80023347,DAYLIGHT,YES,-97.08764061,ONE MOTOR VEHICLE - GOING STRAIGHT,CURBED,THREE ENTERING ROADS - T,4,HIT RETAINING WALL,True,ATTENTION DIVERTED FROM DRIVING,"2,500 - 4,999 POP",NO,0624,0.278,CITY STREET,"STRAIGHT, LEVEL",MINOR ARTERIAL,OFF ROADWAY,"4 OR MORE LANES, DIVIDED",True,30,SH0361,DRY,NONE,CLOUDY
19305484,12050,False,12050,2023,CORPUS CHRISTI,DISTRACTION IN VEHICLE,226303,14.766,2022-12-26,0,12,0,0,N - NOT INJURED,0,1623,0,2022,MONDAY,22.485,0,FIXED OBJECT,TWO-WAY,16:00 - 16:59,,N/A,NON INTERSECTION,27.77096501,DAYLIGHT,YES,-97.11048525,ONE MOTOR VEHICLE - GOING STRAIGHT,NO MEDIAN,OTHER (EXPLAIN IN NARRATIVE),5,HIT CULVERT-HEADWALL,True,ATTENTION DIVERTED FROM DRIVING,"250,000 POP AND OVER",NO,0626,0.773,US & STATE HIGHWAYS,"STRAIGHT, LEVEL",MINOR ARTERIAL,OFF ROADWAY,"4 OR MORE LANES, UNDIVIDED",False,60,SH0361,DRY,MARKED LANES,CLOUDY
19328873,10439,True,10439,2023,CORPUS CHRISTI,FAILED TO YIELD RIGHT OF WAY - TURNING LEFT,226303,27.498,2023-01-06,0,1,0,0,N - NOT INJURED,0,0703,0,2023,FRIDAY,35.217,0,MOTOR VEHICLE IN TRANSPORT,TWO-WAY,07:00 - 07:59,0022,PR0022,INTERSECTION,27.6178894,DAYLIGHT,YES,-97.22177124,OPPOSITE DIRECTION - ONE STRAIGHT-ONE LEFT TURN,NO MEDIAN,FOUR ENTERING ROADS,5,NOT APPLICABLE,True,NOT APPLICABLE,"250,000 POP AND OVER",NO,0638,1.535,US & STATE HIGHWAYS,"STRAIGHT, LEVEL",MINOR ARTERIAL,ON ROADWAY,"4 OR MORE LANES, UNDIVIDED",False,55,SH0361,DRY,SIGNAL LIGHT,CLEAR
19357822,15893,True,15893,2023,PORT ARANSAS,CHANGED LANE WHEN UNSAFE,226303,12.309,2023-01-23,0,1,0,1,C - POSSIBLE INJURY,0,1203,1,2023,MONDAY,20.028,0,MOTOR VEHICLE IN TRANSPORT,BOULEVARD,12:00 - 12:59,,UNKNOWN,INTERSECTION,27.80023397,DAYLIGHT,YES,-97.08764019,SAME DIRECTION - ONE STRAIGHT-ONE LEFT TURN,CURBED,THREE ENTERING ROADS - T,4,NOT APPLICABLE,True,NOT APPLICABLE,"2,500 - 4,999 POP",NO,0624,0.278,US & STATE HIGHWAYS,"STRAIGHT, LEVEL",MINOR ARTERIAL,ON ROADWAY,"4 OR MORE LANES, DIVIDED",True,55,SH0361,DRY,MARKED LANES,CLEAR
19398202,10439,False,10439,2023,CORPUS CHRISTI,FAILED TO CONTROL SPEED,226303,25.88,2023-02-19,0,2,0,0,N - NOT INJURED,0,1014,0,2023,SUNDAY,33.599,0,MOTOR VEHICLE IN TRANSPORT,TWO-WAY,10:00 - 10:59,,N/A,NON INTERSECTION,27.63249312,DAYLIGHT,YES,-97.20368659,SAME DIRECTION - ONE STRAIGHT-ONE STOPPED,NO MEDIAN,NOT APPLICABLE,5,NOT APPLICABLE,True,SLOWING/STOPPING-FOR TRAFFIC,"250,000 POP AND OVER",NO,0638,-0.083,US & STATE HIGHWAYS,"STRAIGHT, LEVEL",MINOR ARTERIAL,ON ROADWAY,"4 OR MORE LANES, UNDIVIDED",False,60,SH0361,DRY,CENTER STRIPE/DIVIDER,CLEAR
19411617,10439,False,10439,2023,CORPUS CHRISTI,FAULTY EVASIVE ACTION,226303,25.757,2023-02-27,0,2,0,0,N - NOT INJURED,0,1141,0,2023,MONDAY,33.476,0,OVERTURNED,TWO-WAY,11:00 - 11:59,,N/A,NON INTERSECTION,27.63402184,DAYLIGHT,YES,-97.20264958,ONE MOTOR VEHICLE - GOING STRAIGHT,NO MEDIAN,NOT APPLICABLE,5,OVERTURNED,True,GUSTY WINDS,"250,000 POP AND OVER",NO,0638,-0.206,US & STATE HIGHWAYS,"STRAIGHT, LEVEL",MINOR ARTERIAL,OFF ROADWAY,"4 OR MORE LANES, UNDIVIDED",False,60,SH0361,DRY,MARKED LANES,CLOUDY
19427069,10439,False,10439,2023,CORPUS CHRISTI,BACKED WITHOUT SAFETY; UNDER INFLUENCE - ALCOHOL,226303,26.508,2023-03-05,0,3,0,0,N - NOT INJURED,0,1552,0,2023,SUNDAY,34.227,0,PARKED CAR,TWO-WAY,15:00 - 15:59,,N/A,NON INTERSECTION,27.62466999,DAYLIGHT,YES,-97.20893072,ONE MOTOR VEHICLE - BACKING,NO MEDIAN,NOT APPLICABLE,5,NOT APPLICABLE,True,CRASH OCCURRED ON A BEACH,"250,000 POP AND OVER",NO,0638,0.545,OTHER ROADS,"STRAIGHT, LEVEL",MINOR ARTERIAL,ON ROADWAY,"4 OR MORE LANES, UNDIVIDED",False,15,SH0361,"SAND, MUD, DIRT",NONE,CLEAR
19425742,12050,False,12050,2023,OUTSIDE CITY LIMITS,DRIVER INATTENTION; FAILED TO CONTROL SPEED,226303,13.492,2023-03-07,0,3,0,0,N - NOT INJURED,0,1054,0,2023,TUESDAY,21.211,0,MOTOR VEHICLE IN TRANSPORT,TWO-WAY,10:00 - 10:59,,N/A,NON INTERSECTION,27.786474,DAYLIGHT,YES,-97.09920543,SAME DIRECTION - BOTH GOING STRAIGHT-REAR END,NO MEDIAN,THREE ENTERING ROADS - T,5,NOT APPLICABLE,True,ATTENTION DIVERTED FROM DRIVING,RURAL,NO,0626,-0.501,US & STATE HIGHWAYS,"STRAIGHT, LEVEL",MINOR ARTERIAL,ON ROADWAY,"4 OR MORE LANES, UNDIVIDED",True,60,SH0361,DRY,MARKED LANES,CLEAR
19472534,12050,False,12050,2023,CORPUS CHRISTI,FAILED TO DRIVE IN SINGLE LANE,226303,16.642,2023-03-08,0,3,0,0,N - NOT INJURED,0,1642,0,2023,WEDNESDAY,24.361,0,MOTOR VEHICLE IN TRANSPORT,TWO-WAY,16:00 - 16:59,,N/A,NON INTERSECTION,27.74760581,DAYLIGHT,YES,-97.12625518,SAME DIRECTION - BOTH GOING STRAIGHT-SIDESWIPE,NO MEDIAN,NOT APPLICABLE,5,NOT APPLICABLE,True,NOT APPLICABLE,"250,000 POP AND OVER",NO,0628,0.66,US & STATE HIGHWAYS,"STRAIGHT, LEVEL",MINOR ARTERIAL,ON ROADWAY,"4 OR MORE LANES, UNDIVIDED",False,60,SH0361,DRY,MARKED LANES,CLEAR
19436795,10439,False,10439,2023,CORPUS CHRISTI,FAILED TO CONTROL SPEED,226303,27.484,2023-03-10,0,3,0,0,N - NOT INJURED,0,1747,0,2023,FRIDAY,35.203,0,MOTOR VEHICLE IN TRANSPORT,TWO-WAY,17:00 - 17:59,0022,PR0022,INTERSECTION RELATED,27.61788627,DAYLIGHT,YES,-97.22154024,SAME DIRECTION - ONE STRAIGHT-ONE STOPPED,NO MEDIAN,NOT APPLICABLE,5,NOT APPLICABLE,True,"SLOWING/STOPPING - FOR OFFICER, FLAGMAN, OR TRAFFIC CONTROL","250,000 POP AND OVER",NO,0638,1.521,US & STATE HIGHWAYS,"STRAIGHT, LEVEL",MINOR ARTERIAL,ON ROADWAY,"4 OR MORE LANES, UNDIVIDED",False,55,SH0361,DRY,SIGNAL LIGHT,CLEAR
19441716,12050,False,12050,2023,PORT ARANSAS,FATIGUED OR ASLEEP,226303,12.775,2023-03-16,0,3,0,0,N - NOT INJURED,0,0739,0,2023,THURSDAY,20.494,0,FIXED OBJECT,TWO-WAY,07:00 - 07:59,,N/A,NON INTERSECTION,27.79482397,DAYLIGHT,YES,-97.09217567,ONE MOTOR VEHICLE - GOING STRAIGHT,NO MEDIAN,THREE ENTERING ROADS - T,5,HIT HIGHWAY SIGN,True,ATTENTION DIVERTED FROM DRIVING,"2,500 - 4,999 POP",NO,0624,0.744,US & STATE HIGHWAYS,"STRAIGHT, LEVEL",MINOR ARTERIAL,OFF ROADWAY,"4 OR MORE LANES, UNDIVIDED",True,60,SH0361,DRY,NONE,CLOUDY
19443353,15893,True,15893,2023,PORT ARANSAS,FAILED TO YIELD RIGHT OF WAY - STOP SIGN;HAD BEEN DRINKING,226303,11.782,2023-03-16,0,3,0,0,N - NOT INJURED,0,1920,0,2023,THURSDAY,19.501,0,MOTOR VEHICLE IN TRANSPORT,BOULEVARD,19:00 - 19:59,,BEACH ACCESS ROAD 1A,INTERSECTION,27.80637738,DAYLIGHT,YES,-97.0824751,ANGLE - BOTH GOING STRAIGHT,CURBED,THREE ENTERING ROADS - T,4,NOT APPLICABLE,True,NOT APPLICABLE,"2,500 - 4,999 POP",NO,0624,-0.249,US & STATE HIGHWAYS,"STRAIGHT, LEVEL",MINOR ARTERIAL,ON ROADWAY,"4 OR MORE LANES, DIVIDED",True,60,SH0361,DRY,FLASHING RED LIGHT,CLOUDY
19447686,12050,False,12050,2023,OUTSIDE CITY LIMITS,DRIVER INATTENTION; FOLLOWED TOO CLOSELY,226303,13.641,2023-03-17,0,3,0,0,N - NOT INJURED,0,1905,0,2023,FRIDAY,21.36,0,MOTOR VEHICLE IN TRANSPORT,TWO-WAY,19:00 - 19:59,,N/A,NON INTERSECTION,27.78474641,DAYLIGHT,YES,-97.10066773,SAME DIRECTION - BOTH GOING STRAIGHT-REAR END,NO MEDIAN,THREE ENTERING ROADS - T,5,NOT APPLICABLE,True,SLOWING/STOPPING-FOR TRAFFIC,RURAL,NO,0626,-0.352,US & STATE HIGHWAYS,"STRAIGHT, LEVEL",MINOR ARTERIAL,ON ROADWAY,"4 OR MORE LANES, UNDIVIDED",True,60,SH0361,DRY,NONE,CLEAR
19471548,10439,False,10439,2023,CORPUS CHRISTI,FAILED TO DRIVE IN SINGLE LANE,226303,24.392,2023-04-01,0,4,0,0,N - NOT INJURED,0,1509,0,2023,SATURDAY,32.111,0,FIXED OBJECT,TWO-WAY,15:00 - 15:59,,N/A,NON INTERSECTION,27.65103206,DAYLIGHT,YES,-97.19121206,ONE MOTOR VEHICLE - GOING STRAIGHT,NO MEDIAN,NOT APPLICABLE,5,HIT OTHER FIXED OBJECT,True,SWERVED OR VEERED-REASON NOT SPECIFIED,"250,000 POP AND OVER",NO,0636,0.428,US & STATE HIGHWAYS,"STRAIGHT, LEVEL",MINOR ARTERIAL,OFF ROADWAY,"4 OR MORE LANES, UNDIVIDED",False,60,SH0361,DRY,MARKED LANES,CLEAR
19528893,15893,False,15893,2023,PORT ARANSAS,UNDER INFLUENCE - ALCOHOL,226303,11.893,2023-05-06,0,5,0,0,N - NOT INJURED,0,1332,0,2023,SATURDAY,19.612,0,MOTOR VEHICLE IN TRANSPORT,BOULEVARD,13:00 - 13:59,,N/A,NON INTERSECTION,27.80504102,DAYLIGHT,YES,-97.08350733,SAME DIRECTION - ONE STRAIGHT-ONE LEFT TURN,CURBED,THREE ENTERING ROADS - T,4,NOT APPLICABLE,True,NOT APPLICABLE,"2,500 - 4,999 POP",NO,0624,-0.138,US & STATE HIGHWAYS,"STRAIGHT, LEVEL",MINOR ARTERIAL,ON ROADWAY,"4 OR MORE LANES, DIVIDED",True,60,SH0361,DRY,MARKED LANES,CLOUDY
19543590,10439,False,10439,2023,CORPUS CHRISTI,FAILED TO CONTROL SPEED,226303,27.198,2023-05-12,0,5,0,0,N - NOT INJURED,0,1445,0,2023,FRIDAY,34.917,0,MOTOR VEHICLE IN TRANSPORT,TWO-WAY,14:00 - 14:59,,N/A,NON INTERSECTION,27.61809583,DAYLIGHT,YES,-97.2169034,SAME DIRECTION - BOTH GOING STRAIGHT-SIDESWIPE,NO MEDIAN,NOT APPLICABLE,5,NOT APPLICABLE,True,VEHICLE CHANGING LANES,"250,000 POP AND OVER",NO,0638,1.235,US & STATE HIGHWAYS,"STRAIGHT, GRADE",MINOR ARTERIAL,ON ROADWAY,"4 OR MORE LANES, UNDIVIDED",False,55,SH0361,DRY,MARKED LANES,CLOUDY
19568926,12050,True,12050,2023,OUTSIDE CITY LIMITS,BACKED WITHOUT SAFETY; DRIVER INATTENTION,226303,13.393,2023-05-26,0,5,0,1,C - POSSIBLE INJURY,0,0803,1,2023,FRIDAY,21.112,0,MOTOR VEHICLE IN TRANSPORT,TWO-WAY,08:00 - 08:59,,UNKNOWN,INTERSECTION RELATED,27.78762866,DAYLIGHT,YES,-97.09822808,OPPOSITE DIRECTION - ONE BACKING-ONE STOPPED,NO MEDIAN,THREE ENTERING ROADS - T,5,NOT APPLICABLE,True,CONSTRUCTION-IN OTHER CONSTRUCTION MAINTENANCE AREA (RELATED TO CRASH),RURAL,NO,0626,-0.6,US & STATE HIGHWAYS,"STRAIGHT, LEVEL",MINOR ARTERIAL,ON ROADWAY,"4 OR MORE LANES, UNDIVIDED",True,30,SH0361,DRY,STOP SIGN,CLEAR