Crash ID,Adj ADT,At Intersection Flag,ADT,ADT Year,City,Contributing Factors,Control Section,CS Milepoint,Crash Date,Death Count,Month,NonSusp Serious Inj,Possible Inj,Crash Severity,Susp Serious Inj,Crash Time,Total Inj,Year,Day of Week,DFO,Fatal Crash Flag,First Harmful Event,Hwy Lane Design,Hour,Intersecting Hwy Number,Intersecting Street Name,Intersection Related,Latitude,Light Condition,Located Flag,Longitude,Manner of Collision,Median Type,Entering Roads,Number of Lanes,Object Struck,On System Flag,Other Factor,Population Group,Private Drive Flag,Ref Marker,RM Offset,Road Class,Roadway Alignment,Roadway Function,Roadway Relation,Roadway Type,Rural Flag,Speed Limit,Street Name,Surface Condition,Traffic Control Type,Weather Condition
19572211,10439,False,10439,2023,CORPUS CHRISTI,FAILED TO YIELD RIGHT OF WAY - STOP SIGN,226303,25.688,2023-05-27,0,5,0,0,N - NOT INJURED,0,2141,0,2023,SATURDAY,33.407,0,MOTOR VEHICLE IN TRANSPORT,TWO-WAY,21:00 - 21:59,,NEWPORT PASS RD,INTERSECTION,27.63489063,"DARK, LIGHTED",YES,-97.20205894,ANGLE - ONE STRAIGHT-ONE LEFT TURN,NO MEDIAN,THREE ENTERING ROADS - T,5,NOT APPLICABLE,True,NOT APPLICABLE,"250,000 POP AND OVER",NO,0638,-0.275,US & STATE HIGHWAYS,"STRAIGHT, LEVEL",MINOR ARTERIAL,ON ROADWAY,"4 OR MORE LANES, UNDIVIDED",False,60,SH0361,DRY,STOP SIGN,CLEAR
19579022,10439,False,10439,2023,CORPUS CHRISTI,FOLLOWED TOO CLOSELY,226303,26.525,2023-05-29,0,5,0,0,N - NOT INJURED,0,1640,0,2023,MONDAY,34.244,0,MOTOR VEHICLE IN TRANSPORT,TWO-WAY,16:00 - 16:59,,N/A,NON INTERSECTION,27.62446127,DAYLIGHT,YES,-97.20907343,SAME DIRECTION - BOTH GOING STRAIGHT-REAR END,NO MEDIAN,THREE ENTERING ROADS - T,5,NOT APPLICABLE,True,SLOWING/STOPPING-FOR TRAFFIC,"250,000 POP AND OVER",NO,0638,0.562,US & STATE HIGHWAYS,"STRAIGHT, LEVEL",MINOR ARTERIAL,ON ROADWAY,"4 OR MORE LANES, UNDIVIDED",False,55,SH0361,DRY,MARKED LANES,CLEAR
19579029,10439,False,10439,2023,CORPUS CHRISTI,FOLLOWED TOO CLOSELY,226303,26.525,2023-05-29,0,5,0,0,N - NOT INJURED,0,1640,0,2023,MONDAY,34.244,0,MOTOR VEHICLE IN TRANSPORT,TWO-WAY,16:00 - 16:59,,N/A,NON INTERSECTION,27.62446127,DAYLIGHT,YES,-97.20907343,SAME DIRECTION - ONE STRAIGHT-ONE STOPPED,NO MEDIAN,THREE ENTERING ROADS - T,5,NOT APPLICABLE,True,SLOWING/STOPPING-FOR TRAFFIC,"250,000 POP AND OVER",NO,0638,0.562,US & STATE HIGHWAYS,"STRAIGHT, LEVEL",MINOR ARTERIAL,ON ROADWAY,"4 OR MORE LANES, UNDIVIDED",False,55,SH0361,DRY,MARKED LANES,CLEAR
19579030,10439,False,10439,2023,CORPUS CHRISTI,FAILED TO YIELD RIGHT OF WAY - PRIVATE DRIVE,226303,27.46,2023-05-29,0,5,0,1,C - POSSIBLE INJURY,0,1759,1,2023,MONDAY,35.179,0,MOTOR VEHICLE IN TRANSPORT,TWO-WAY,17:00 - 17:59,,N/A,DRIVEWAY ACCESS,27.61788081,DAYLIGHT,YES,-97.22115549,ANGLE - BOTH GOING STRAIGHT,NO MEDIAN,NOT APPLICABLE,5,NOT APPLICABLE,True,ONE VEHICLE LEAVING DRIVEWAY,"250,000 POP AND OVER",NO,0638,1.497,US & STATE HIGHWAYS,"STRAIGHT, LEVEL",MINOR ARTERIAL,ON ROADWAY,"4 OR MORE LANES, UNDIVIDED",False,55,SH0361,DRY,MARKED LANES,CLEAR
19583058,10439,True,10439,2023,CORPUS CHRISTI,DISREGARD STOP AND GO SIGNAL,226303,27.498,2023-05-31,0,5,0,0,N - NOT INJURED,0,1919,0,2023,WEDNESDAY,35.217,0,MOTOR VEHICLE IN TRANSPORT,TWO-WAY,19:00 - 19:59,0022,PR0022,INTERSECTION,27.6178894,DAYLIGHT,YES,-97.22177124,OPPOSITE DIRECTION - ONE STRAIGHT-ONE LEFT TURN,NO MEDIAN,FOUR ENTERING ROADS,5,NOT APPLICABLE,True,NOT APPLICABLE,"250,000 POP AND OVER",NO,0638,1.535,US & STATE HIGHWAYS,"STRAIGHT, LEVEL",MINOR ARTERIAL,ON ROADWAY,"4 OR MORE LANES, UNDIVIDED",False,50,SH0361,DRY,SIGNAL LIGHT,CLEAR
19583107,10439,False,10439,2023,CORPUS CHRISTI,CHANGED LANE WHEN UNSAFE; FAILED TO HEED WARNING SIGN,226303,26.822,2023-06-04,0,6,0,0,N - NOT INJURED,0,0921,0,2023,SUNDAY,34.541,0,MOTOR VEHICLE IN TRANSPORT,TWO-WAY,09:00 - 09:59,,N/A,NON INTERSECTION,27.62087489,DAYLIGHT,YES,-97.21175018,SAME DIRECTION - BOTH GOING STRAIGHT-SIDESWIPE,NO MEDIAN,NOT APPLICABLE,5,NOT APPLICABLE,True,VEHICLE CHANGING LANES,"250,000 POP AND OVER",NO,0638,0.859,US & STATE HIGHWAYS,"CURVE, GRADE",MINOR ARTERIAL,ON ROADWAY,"4 OR MORE LANES, UNDIVIDED",False,45,SH0361,DRY,WARNING SIGN,CLEAR
19619237,12050,False,12050,2023,CORPUS CHRISTI,FAILED TO CONTROL SPEED,226303,17.561,2023-06-17,0,6,1,0,B - SUSPECTED MINOR INJURY,0,2340,1,2023,SATURDAY,25.28,0,MOTOR VEHICLE IN TRANSPORT,TWO-WAY,23:00 - 23:59,,SEACOMBER DR,INTERSECTION RELATED,27.73614891,"DARK, LIGHTED",YES,-97.13395749,SAME DIRECTION - BOTH GOING STRAIGHT-REAR END,NO MEDIAN,NOT APPLICABLE,5,NOT APPLICABLE,True,SLOWING/STOPPING-TO MAKE LEFT TURN,"250,000 POP AND OVER",NO,0630,-0.452,US & STATE HIGHWAYS,"STRAIGHT, LEVEL",MINOR ARTERIAL,ON ROADWAY,"4 OR MORE LANES, UNDIVIDED",False,60,SH0361,DRY,MARKED LANES,CLEAR
19619275,10439,False,10439,2023,CORPUS CHRISTI,FAILED TO CONTROL SPEED,226303,25.691,2023-06-17,0,6,0,0,A - SUSPECTED SERIOUS INJURY,1,2110,1,2023,SATURDAY,33.41,0,MOTOR VEHICLE IN TRANSPORT,TWO-WAY,21:00 - 21:59,,N/A,NON INTERSECTION,27.63484371,"DARK, NOT LIGHTED",YES,-97.20209084,SAME DIRECTION - BOTH GOING STRAIGHT-REAR END,NO MEDIAN,NOT APPLICABLE,5,NOT APPLICABLE,True,NOT APPLICABLE,"250,000 POP AND OVER",NO,0638,-0.272,US & STATE HIGHWAYS,"STRAIGHT, LEVEL",MINOR ARTERIAL,ON ROADWAY,"4 OR MORE LANES, UNDIVIDED",False,65,SH0361,DRY,MARKED LANES,CLEAR
19618769,10439,False,10439,2023,CORPUS CHRISTI,FAILED TO CONTROL SPEED,226303,25.654,2023-06-18,0,6,0,0,N - NOT INJURED,0,1023,0,2023,SUNDAY,33.373,0,MOTOR VEHICLE IN TRANSPORT,TWO-WAY,10:00 - 10:59,,N/A,NON INTERSECTION,27.6353129,DAYLIGHT,YES,-97.2017719,SAME DIRECTION - ONE STRAIGHT-ONE STOPPED,NO MEDIAN,NOT APPLICABLE,5,NOT APPLICABLE,True,SLOWING/STOPPING-FOR TRAFFIC,"250,000 POP AND OVER",NO,0638,-0.309,US & STATE HIGHWAYS,"STRAIGHT, LEVEL",MINOR ARTERIAL,ON ROADWAY,"4 OR MORE LANES, UNDIVIDED",False,65,SH0361,DRY,CENTER STRIPE/DIVIDER,CLEAR
19616618,10439,True,10439,2023,CORPUS CHRISTI,FAILED TO YIELD RIGHT OF WAY - STOP SIGN,226303,25.682,2023-06-24,0,6,1,1,B - SUSPECTED MINOR INJURY,0,1334,2,2023,SATURDAY,33.401,0,MOTOR VEHICLE IN TRANSPORT,TWO-WAY,13:00 - 13:59,,NEWPORT PASS RD,INTERSECTION,27.63496101,DAYLIGHT,YES,-97.2020111,ANGLE - ONE STRAIGHT-ONE LEFT TURN,NO MEDIAN,THREE ENTERING ROADS - T,5,NOT APPLICABLE,True,NOT APPLICABLE,"250,000 POP AND OVER",NO,0638,-0.281,US & STATE HIGHWAYS,"STRAIGHT, LEVEL",MINOR ARTERIAL,ON ROADWAY,"4 OR MORE LANES, UNDIVIDED",False,60,SH0361,DRY,STOP SIGN,CLEAR
19628725,10439,True,10439,2023,CORPUS CHRISTI,FAILED TO YIELD RIGHT OF WAY - TURNING LEFT,226303,26.723,2023-06-29,0,6,0,0,N - NOT INJURED,0,1833,0,2023,THURSDAY,34.442,0,MOTOR VEHICLE IN TRANSPORT,TWO-WAY,18:00 - 18:59,,ZAHN RD,INTERSECTION,27.62201986,DAYLIGHT,YES,-97.21077788,ANGLE - ONE STRAIGHT-ONE LEFT TURN,NO MEDIAN,THREE ENTERING ROADS - T,5,NOT APPLICABLE,True,NOT APPLICABLE,"250,000 POP AND OVER",NO,0638,0.76,US & STATE HIGHWAYS,"STRAIGHT, LEVEL",MINOR ARTERIAL,ON ROADWAY,"4 OR MORE LANES, UNDIVIDED",False,55,SH0361,DRY,STOP SIGN,CLEAR
19646124,12050,False,12050,2023,CORPUS CHRISTI,FAILED TO DRIVE IN SINGLE LANE; UNDER INFLUENCE - ALCOHOL,226303,16.642,2023-06-30,1,6,1,0,K - FATAL INJURY,2,2056,3,2023,FRIDAY,24.361,1,MOTOR VEHICLE IN TRANSPORT,TWO-WAY,20:00 - 20:59,,N/A,NON INTERSECTION,27.74760578,"DARK, NOT LIGHTED",YES,-97.1262552,OPPOSITE DIRECTION - BOTH GOING STRAIGHT,NO MEDIAN,NOT APPLICABLE,5,OVERTURNED,True,VEHICLE PASSING OR ATTEMPTING TO PASS ON LEFT,"250,000 POP AND OVER",NO,0628,0.66,US & STATE HIGHWAYS,"STRAIGHT, LEVEL",MINOR ARTERIAL,ON ROADWAY,"4 OR MORE LANES, UNDIVIDED",False,60,SH0361,DRY,MARKED LANES,CLEAR
19638309,12050,False,12050,2023,CORPUS CHRISTI,FAILED TO YIELD RIGHT OF WAY - TURNING LEFT;HAD BEEN DRINKING,226303,18.863,2023-07-03,1,7,2,2,K - FATAL INJURY,2,2030,6,2023,MONDAY,26.582,1,MOTOR VEHICLE IN TRANSPORT,TWO-WAY,20:00 - 20:59,,N/A,DRIVEWAY ACCESS,27.71993578,"DARK, LIGHTED",YES,-97.14488203,OPPOSITE DIRECTION - ONE STRAIGHT-ONE LEFT TURN,NO MEDIAN,NOT APPLICABLE,5,NOT APPLICABLE,True,ONE VEHICLE ENTERING DRIVEWAY,"250,000 POP AND OVER",NO,0630,0.85,US & STATE HIGHWAYS,"STRAIGHT, LEVEL",MINOR ARTERIAL,ON ROADWAY,"4 OR MORE LANES, UNDIVIDED",False,65,SH0361,DRY,MARKED LANES,CLEAR
19640534,15893,True,15893,2023,PORT ARANSAS,FAILED TO YIELD RIGHT OF WAY - TURNING LEFT;TURNED WHEN UNSAFE;UNDER INFLUENCE - ALCOHOL,226303,11.782,2023-07-07,0,7,1,0,B - SUSPECTED MINOR INJURY,0,0212,1,2023,FRIDAY,19.501,0,MOTOR VEHICLE IN TRANSPORT,BOULEVARD,02:00 - 02:59,,UNKNOWN,INTERSECTION,27.80632803,"DARK, LIGHTED",YES,-97.08242613,OPPOSITE DIRECTION - ONE STRAIGHT-ONE LEFT TURN,CURBED,FOUR ENTERING ROADS,4,NOT APPLICABLE,True,NOT APPLICABLE,"2,500 - 4,999 POP",NO,0624,-0.249,US & STATE HIGHWAYS,"STRAIGHT, LEVEL",MINOR ARTERIAL,ON ROADWAY,"4 OR MORE LANES, DIVIDED",True,45,SH0361,DRY,SIGNAL LIGHT,CLEAR
19642990,10439,True,10439,2023,CORPUS CHRISTI,FAILED TO CONTROL SPEED; UNDER INFLUENCE - ALCOHOL,226303,19.998,2023-07-09,0,7,0,0,N - NOT INJURED,0,1941,0,2023,SUNDAY,27.717,0,OVERTURNED,TWO-WAY,19:00 - 19:59,,N/A,NON INTERSECTION,27.70581036,DAYLIGHT,YES,-97.1544104,ONE MOTOR VEHICLE - GOING STRAIGHT,NO MEDIAN,THREE ENTERING ROADS - T,5,OVERTURNED,True,NOT APPLICABLE,"250,000 POP AND OVER",NO,0632,0.034,US & STATE HIGHWAYS,"STRAIGHT, LEVEL",MINOR ARTERIAL,OFF ROADWAY,"4 OR MORE LANES, UNDIVIDED",False,60,SH0361,DRY,MARKED LANES,CLEAR
19647809,10439,False,10439,2023,CORPUS CHRISTI,TURNED IMPROPERLY - WIDE RIGHT,226303,27.46,2023-07-11,0,7,0,0,N - NOT INJURED,0,1620,0,2023,TUESDAY,35.179,0,MOTOR VEHICLE IN TRANSPORT,TWO-WAY,16:00 - 16:59,,N/A,DRIVEWAY ACCESS,27.61788081,DAYLIGHT,YES,-97.22115549,ANGLE - ONE RIGHT TURN-ONE STOPPED,NO MEDIAN,NOT APPLICABLE,5,NOT APPLICABLE,True,ONE VEHICLE ENTERING DRIVEWAY,"250,000 POP AND OVER",NO,0638,1.497,US & STATE HIGHWAYS,"STRAIGHT, LEVEL",MINOR ARTERIAL,OFF ROADWAY,"4 OR MORE LANES, UNDIVIDED",False,55,SH0361,DRY,MARKED LANES,CLEAR
19660111,10439,False,10439,2023,CORPUS CHRISTI,TURNED WHEN UNSAFE,226303,24.65,2023-07-13,0,7,0,0,N - NOT INJURED,0,1624,0,2023,THURSDAY,32.369,0,MOTOR VEHICLE IN TRANSPORT,TWO-WAY,16:00 - 16:59,,N/A,NON INTERSECTION,27.64781018,DAYLIGHT,YES,-97.19334689,OPPOSITE DIRECTION - ONE STRAIGHT-ONE LEFT TURN,NO MEDIAN,NOT APPLICABLE,5,NOT APPLICABLE,True,NOT APPLICABLE,"250,000 POP AND OVER",NO,0636,0.686,US & STATE HIGHWAYS,"STRAIGHT, LEVEL",MINOR ARTERIAL,ON ROADWAY,"4 OR MORE LANES, UNDIVIDED",False,55,SH0361,DRY,CENTER STRIPE/DIVIDER,CLEAR
19654473,10439,False,10439,2023,CORPUS CHRISTI,FAILED TO CONTROL SPEED,226303,25.781,2023-07-16,0,7,0,1,C - POSSIBLE INJURY,0,1227,1,2023,SUNDAY,33.5,0,MOTOR VEHICLE IN TRANSPORT,TWO-WAY,12:00 - 12:59,,N/A,NON INTERSECTION,27.63372745,DAYLIGHT,YES,-97.20284971,SAME DIRECTION - BOTH GOING STRAIGHT-REAR END,NO MEDIAN,NOT APPLICABLE,5,NOT APPLICABLE,True,SLOWING/STOPPING-FOR TRAFFIC,"250,000 POP AND OVER",NO,0638,-0.182,US & STATE HIGHWAYS,"STRAIGHT, LEVEL",MINOR ARTERIAL,ON ROADWAY,"4 OR MORE LANES, UNDIVIDED",False,60,SH0361,DRY,CENTER STRIPE/DIVIDER,CLEAR
19657096,15893,False,15893,2023,PORT ARANSAS,DRIVER INATTENTION; FAILED TO CONTROL SPEED,226303,11.744,2023-07-18,0,7,0,0,N - NOT INJURED,0,1413,0,2023,TUESDAY,19.463,0,PARKED CAR,BOULEVARD,14:00 - 14:59,,N/A,NON INTERSECTION,27.80684369,DAYLIGHT,YES,-97.08213227,ONE MOTOR VEHICLE - GOING STRAIGHT,CURBED,NOT APPLICABLE,4,NOT APPLICABLE,True,VEHICLE PASSING OR ATTEMPTING TO PASS ON LEFT,"2,500 - 4,999 POP",NO,0624,-0.287,US & STATE HIGHWAYS,"STRAIGHT, LEVEL",MINOR ARTERIAL,ON ROADWAY,"4 OR MORE LANES, DIVIDED",True,55,SH0361,DRY,NONE,CLEAR
19665104,10439,True,10439,2023,CORPUS CHRISTI,FAILED TO DRIVE IN SINGLE LANE,226303,27.498,2023-07-19,0,7,0,0,N - NOT INJURED,0,0605,0,2023,WEDNESDAY,35.217,0,MOTOR VEHICLE IN TRANSPORT,TWO-WAY,06:00 - 06:59,0022,PR0022,INTERSECTION,27.6178894,"DARK, LIGHTED",YES,-97.22177124,SAME DIRECTION - BOTH LEFT TURN,NO MEDIAN,FOUR ENTERING ROADS,5,NOT APPLICABLE,True,NOT APPLICABLE,"250,000 POP AND OVER",NO,0638,1.535,US & STATE HIGHWAYS,"STRAIGHT, LEVEL",MINOR ARTERIAL,ON ROADWAY,"4 OR MORE LANES, UNDIVIDED",False,55,SH0361,DRY,MARKED LANES,CLEAR
19686942,12050,False,12050,2023,PORT ARANSAS,FAILED TO DRIVE IN SINGLE LANE; FAULTY EVASIVE ACTION; UNDER INFLUENCE - ALCOHOL,226303,12.794,2023-08-04,0,8,0,3,C - POSSIBLE INJURY,0,1742,3,2023,FRIDAY,20.513,0,MOTOR VEHICLE IN TRANSPORT,TWO-WAY,17:00 - 17:59,,N/A,NON INTERSECTION,27.79459664,DAYLIGHT,YES,-97.09236596,OPPOSITE DIRECTION - BOTH GOING STRAIGHT,NO MEDIAN,NOT APPLICABLE,5,NOT APPLICABLE,True,SWERVED OR VEERED-AVOIDING VEHICLE STOPPED OR MOVING SLOWLY IN TRAFFIC LANE,"2,500 - 4,999 POP",NO,0624,0.763,US & STATE HIGHWAYS,"STRAIGHT, LEVEL",MINOR ARTERIAL,SHOULDER,"4 OR MORE LANES, UNDIVIDED",True,60,SH0361,DRY,NONE,CLEAR
19695714,12050,False,12050,2023,OUTSIDE CITY LIMITS,FAILED TO YIELD RIGHT OF WAY - TURNING LEFT,226303,13.297,2023-08-09,0,8,1,0,B - SUSPECTED MINOR INJURY,0,1325,1,2023,WEDNESDAY,21.016,0,MOTOR VEHICLE IN TRANSPORT,TWO-WAY,13:00 - 13:59,,N/A,NON INTERSECTION,27.78874183,DAYLIGHT,YES,-97.09728584,SAME DIRECTION - ONE STRAIGHT-ONE LEFT TURN,NO MEDIAN,NOT APPLICABLE,5,NOT APPLICABLE,True,NOT APPLICABLE,RURAL,NO,0626,-0.696,US & STATE HIGHWAYS,"STRAIGHT, LEVEL",MINOR ARTERIAL,ON ROADWAY,"4 OR MORE LANES, UNDIVIDED",True,60,SH0361,DRY,MARKED LANES,CLEAR
19713381,10439,False,10439,2023,CORPUS CHRISTI,FAILED TO YIELD RIGHT OF WAY - TURNING LEFT,226303,22.954,2023-08-12,0,8,0,0,N - NOT INJURED,0,1841,0,2023,SATURDAY,30.673,0,FIXED OBJECT,TWO-WAY,18:00 - 18:59,,N/A,NON INTERSECTION,27.66896046,DAYLIGHT,YES,-97.17916224,ONE MOTOR VEHICLE - GOING STRAIGHT,NO MEDIAN,NOT APPLICABLE,5,HIT CULVERT-HEADWALL,True,SWERVED OR VEERED - AVOIDING VEHICLE FROM OPPOSITE DIRECTION IN WRONG LANE,"250,000 POP AND OVER",NO,0634,0.99,US & STATE HIGHWAYS,"STRAIGHT, LEVEL",MINOR ARTERIAL,OFF ROADWAY,"4 OR MORE LANES, UNDIVIDED",False,60,SH0361,DRY,MARKED LANES,CLEAR
19729081,12050,False,12050,2023,CORPUS CHRISTI,UNDER INFLUENCE - ALCOHOL,226303,17.336,2023-08-25,0,8,0,0,N - NOT INJURED,0,2115,0,2023,FRIDAY,25.055,0,OTHER NON COLLISION,TWO-WAY,21:00 - 21:59,,N/A,NON INTERSECTION,27.73896207,"DARK, NOT LIGHTED",YES,-97.13205974,ONE MOTOR VEHICLE - GOING STRAIGHT,NO MEDIAN,NOT APPLICABLE,5,NOT APPLICABLE,True,NOT APPLICABLE,"250,000 POP AND OVER",NO,0630,-0.677,US & STATE HIGHWAYS,"STRAIGHT, LEVEL",MINOR ARTERIAL,OFF ROADWAY,"4 OR MORE LANES, UNDIVIDED",False,60,SH0361,DRY,CENTER STRIPE/DIVIDER,CLEAR
19743032,12050,True,12050,2023,CORPUS CHRISTI,FAILED TO DRIVE IN SINGLE LANE,226303,18.984,2023-09-05,0,9,0,1,A - SUSPECTED SERIOUS INJURY,1,1632,2,2023,TUESDAY,26.703,0,FIXED OBJECT,TWO-WAY,16:00 - 16:59,,N/A,NON INTERSECTION,27.71842439,DAYLIGHT,YES,-97.1459014,ONE MOTOR VEHICLE - GOING STRAIGHT,NO MEDIAN,THREE ENTERING ROADS - T,5,HIT UTILITY POLE,True,NOT APPLICABLE,"250,000 POP AND OVER",NO,0630,0.971,US & STATE HIGHWAYS,"STRAIGHT, LEVEL",MINOR ARTERIAL,OFF ROADWAY,"4 OR MORE LANES, UNDIVIDED",False,60,SH0361,DRY,STOP SIGN,CLEAR
19788753,10439,False,10439,2023,CORPUS CHRISTI,LOAD NOT SECURED,226303,25.678,2023-09-30,0,9,0,0,N - NOT INJURED,0,1200,0,2023,SATURDAY,33.397,0,MOTOR VEHICLE IN TRANSPORT,TWO-WAY,12:00 - 12:59,,NEWPORT PASS RD,INTERSECTION RELATED,27.63500792,DAYLIGHT,YES,-97.20197921,SAME DIRECTION - ONE STRAIGHT-ONE STOPPED,NO MEDIAN,NOT APPLICABLE,5,NOT APPLICABLE,True,NOT APPLICABLE,"250,000 POP AND OVER",NO,0638,-0.285,US & STATE HIGHWAYS,"STRAIGHT, LEVEL",MINOR ARTERIAL,ON ROADWAY,"4 OR MORE LANES, UNDIVIDED",False,55,SH0361,DRY,MARKED LANES,CLEAR
19840715,10439,True,10439,2023,CORPUS CHRISTI,FAILED TO YIELD RIGHT OF WAY - STOP SIGN,226303,26.723,2023-10-03,0,10,0,0,N - NOT INJURED,0,1859,0,2023,TUESDAY,34.442,0,MOTOR VEHICLE IN TRANSPORT,TWO-WAY,18:00 - 18:59,,ZAHN RD,INTERSECTION,27.62201986,DAYLIGHT,YES,-97.21077788,ANGLE - ONE STRAIGHT-ONE LEFT TURN,NO MEDIAN,THREE ENTERING ROADS - T,5,NOT APPLICABLE,True,NOT APPLICABLE,"250,000 POP AND OVER",NO,0638,0.76,US & STATE HIGHWAYS,"STRAIGHT, LEVEL",MINOR ARTERIAL,ON ROADWAY,"4 OR MORE LANES, UNDIVIDED",False,60,SH0361,DRY,STOP SIGN,CLEAR
19829351,10439,False,10439,2023,CORPUS CHRISTI,OTHER (EXPLAIN IN NARRATIVE),226303,24.669,2023-10-13,0,10,2,0,B - SUSPECTED MINOR INJURY,0,0659,2,2023,FRIDAY,32.388,0,MOTOR VEHICLE IN TRANSPORT,TWO-WAY,06:00 - 06:59,,N/A,NON INTERSECTION,27.64757547,"DARK, NOT LIGHTED",YES,-97.19350724,SAME DIRECTION - BOTH GOING STRAIGHT-REAR END,NO MEDIAN,NOT APPLICABLE,5,NOT APPLICABLE,True,SLOWING/STOPPING-REASON NOT SPECIFIED,"250,000 POP AND OVER",NO,0636,0.705,US & STATE HIGHWAYS,"STRAIGHT, LEVEL",MINOR ARTERIAL,ON ROADWAY,"4 OR MORE LANES, UNDIVIDED",False,60,SH0361,WET,CENTER STRIPE/DIVIDER,FOG
19829481,10439,True,10439,2023,CORPUS CHRISTI,DISREGARD STOP AND GO SIGNAL,226303,27.498,2023-10-22,0,10,0,0,N - NOT INJURED,0,1239,0,2023,SUNDAY,35.217,0,MOTOR VEHICLE IN TRANSPORT,TWO-WAY,12:00 - 12:59,0022,PR0022,INTERSECTION,27.6178894,DAYLIGHT,YES,-97.22177124,OPPOSITE DIRECTION - ONE STRAIGHT-ONE LEFT TURN,NO MEDIAN,FOUR ENTERING ROADS,5,NOT APPLICABLE,True,FOOT SLIPPED OFF BRAKE OR CLUTCH,"250,000 POP AND OVER",NO,0638,1.535,US & STATE HIGHWAYS,"STRAIGHT, LEVEL",MINOR ARTERIAL,ON ROADWAY,"4 OR MORE LANES, UNDIVIDED",False,45,SH0361,DRY,SIGNAL LIGHT,CLEAR
19843191,10439,False,10439,2023,CORPUS CHRISTI,CHANGED LANE WHEN UNSAFE,226303,24.679,2023-10-29,0,10,0,0,N - NOT INJURED,0,0704,0,2023,SUNDAY,32.398,0,MOTOR VEHICLE IN TRANSPORT,TWO-WAY,07:00 - 07:59,,N/A,NON INTERSECTION,27.64745804,DAWN,YES,-97.19358747,SAME DIRECTION - BOTH GOING STRAIGHT-SIDESWIPE,NO MEDIAN,NOT APPLICABLE,5,NOT APPLICABLE,True,VEHICLE CHANGING LANES,"250,000 POP AND OVER",NO,0636,0.715,US & STATE HIGHWAYS,"STRAIGHT, LEVEL",MINOR ARTERIAL,ON ROADWAY,"4 OR MORE LANES, UNDIVIDED",False,65,SH0361,DRY,CENTER STRIPE/DIVIDER,CLEAR
19865348,10439,False,10439,2023,CORPUS CHRISTI,FAILED TO PASS TO LEFT SAFELY;UNSAFE SPEED,226303,21.719,2023-11-02,1,11,0,0,K - FATAL INJURY,0,0747,0,2023,THURSDAY,29.438,1,MOTOR VEHICLE IN TRANSPORT,TWO-WAY,07:00 - 07:59,,N/A,DRIVEWAY ACCESS,27.68434348,DAYLIGHT,YES,-97.16881595,SAME DIRECTION - ONE STRAIGHT-ONE LEFT TURN,NO MEDIAN,NOT APPLICABLE,5,HIT FENCE,True,ONE VEHICLE ENTERING DRIVEWAY,"250,000 POP AND OVER",NO,0634,-0.245,US & STATE HIGHWAYS,"STRAIGHT, LEVEL",MINOR ARTERIAL,ON ROADWAY,"4 OR MORE LANES, UNDIVIDED",False,60,SH0361,DRY,CENTER STRIPE/DIVIDER,CLEAR
19919859,15893,True,15893,2023,PORT ARANSAS,FAILED TO YIELD RIGHT OF WAY - STOP SIGN,226303,12.309,2023-12-11,0,12,1,2,B - SUSPECTED MINOR INJURY,0,0745,3,2023,MONDAY,20.028,0,MOTOR VEHICLE IN TRANSPORT,BOULEVARD,07:00 - 07:59,,MUSTANG BLVD,INTERSECTION,27.80027801,DAWN,YES,-97.08769359,ANGLE - BOTH GOING STRAIGHT,CURBED,FOUR ENTERING ROADS,4,NOT APPLICABLE,True,NOT APPLICABLE,"2,500 - 4,999 POP",NO,0624,0.278,US & STATE HIGHWAYS,"STRAIGHT, LEVEL",MINOR ARTERIAL,ON ROADWAY,"4 OR MORE LANES, DIVIDED",True,55,SH0361,DRY,STOP SIGN,CLEAR