Crash ID,Adj ADT,At Intersection Flag,ADT,ADT Year,City,Contributing Factors,Control Section,CS Milepoint,Crash Date,Death Count,Month,NonSusp Serious Inj,Possible Inj,Crash Severity,Susp Serious Inj,Crash Time,Total Inj,Year,Day of Week,DFO,Fatal Crash Flag,First Harmful Event,Hwy Lane Design,Hour,Intersecting Hwy Number,Intersecting Street Name,Intersection Related,Latitude,Light Condition,Located Flag,Longitude,Manner of Collision,Median Type,Entering Roads,Number of Lanes,Object Struck,On System Flag,Other Factor,Population Group,Private Drive Flag,Ref Marker,RM Offset,Road Class,Roadway Alignment,Roadway Function,Roadway Relation,Roadway Type,Rural Flag,Speed Limit,Street Name,Surface Condition,Traffic Control Type,Weather Condition
20419630,10439,False,10439,2023,CORPUS CHRISTI,CHANGED LANE WHEN UNSAFE,226303,26.624,2024-09-30,0,9,0,0,N - NOT INJURED,0,0045,0,2024,MONDAY,34.343,0,FIXED OBJECT,TWO-WAY,00:00 - 00:59,,N/A,NON INTERSECTION,27.62323386,"DARK, NOT LIGHTED",YES,-97.20993034,ONE MOTOR VEHICLE - GOING STRAIGHT,NO MEDIAN,NOT APPLICABLE,5,DITCH,True,VEHICLE CHANGING LANES,"250,000 POP AND OVER",NO,0638,0.661,US & STATE HIGHWAYS,"STRAIGHT, LEVEL",MINOR ARTERIAL,OFF ROADWAY,"4 OR MORE LANES, UNDIVIDED",False,55,SH0361,DRY,MARKED LANES,CLEAR
20468788,10439,True,10439,2023,CORPUS CHRISTI,FAILED TO YIELD RIGHT OF WAY - STOP SIGN,226303,26.723,2024-10-25,0,10,0,0,N - NOT INJURED,0,2129,0,2024,FRIDAY,34.442,0,MOTOR VEHICLE IN TRANSPORT,TWO-WAY,21:00 - 21:59,,ZAHN RD,INTERSECTION,27.62201986,"DARK, NOT LIGHTED",YES,-97.21077788,ANGLE - BOTH GOING STRAIGHT,NO MEDIAN,THREE ENTERING ROADS - T,5,NOT APPLICABLE,True,NOT APPLICABLE,"250,000 POP AND OVER",NO,0638,0.76,US & STATE HIGHWAYS,"STRAIGHT, LEVEL",MINOR ARTERIAL,ON ROADWAY,"4 OR MORE LANES, UNDIVIDED",False,60,SH0361,DRY,STOP SIGN,CLEAR
20493757,15893,True,15893,2023,PORT ARANSAS,FAILED TO YIELD RIGHT OF WAY - TURNING LEFT,226303,12.309,2024-11-10,0,11,2,1,B - SUSPECTED MINOR INJURY,0,1913,3,2024,SUNDAY,20.028,0,MOTOR VEHICLE IN TRANSPORT,BOULEVARD,19:00 - 19:59,,UNKNOWN,INTERSECTION,27.80027629,"DARK, LIGHTED",YES,-97.08769507,OPPOSITE DIRECTION - ONE STRAIGHT-ONE LEFT TURN,CURBED,THREE ENTERING ROADS - T,4,HIT FENCE,True,NOT APPLICABLE,"2,500 - 4,999 POP",NO,0624,0.278,US & STATE HIGHWAYS,"STRAIGHT, LEVEL",MINOR ARTERIAL,ON ROADWAY,"4 OR MORE LANES, DIVIDED",True,60,SH0361,DRY,STOP SIGN,CLEAR
20564061,10439,False,10439,2023,CORPUS CHRISTI,FAILED TO DRIVE IN SINGLE LANE;FAULTY EVASIVE ACTION;OTHER (EXPLAIN IN NARRATIVE),226303,24.74,2024-12-14,0,12,0,1,C - POSSIBLE INJURY,0,0742,1,2024,SATURDAY,32.459,0,FIXED OBJECT,TWO-WAY,07:00 - 07:59,,N/A,NON INTERSECTION,27.64669662,DAYLIGHT,YES,-97.19410769,ONE MOTOR VEHICLE - GOING STRAIGHT,NO MEDIAN,NOT APPLICABLE,5,HIT UTILITY POLE,True,"LOST CONTROL OR SKIDDED (ICY OR SLICK ROAD, ETC.)","250,000 POP AND OVER",NO,0636,0.776,US & STATE HIGHWAYS,"STRAIGHT, LEVEL",MINOR ARTERIAL,OFF ROADWAY,"4 OR MORE LANES, UNDIVIDED",False,65,SH0361,WET,CENTER STRIPE/DIVIDER,RAIN
20577446,10439,False,10439,2023,CORPUS CHRISTI,LOAD NOT SECURED,226303,23.648,2024-12-19,0,12,0,0,N - NOT INJURED,0,1225,0,2024,THURSDAY,31.367,0,OTHER OBJECT,TWO-WAY,12:00 - 12:59,,N/A,NON INTERSECTION,27.66030584,DAYLIGHT,YES,-97.18498195,ONE MOTOR VEHICLE - GOING STRAIGHT,NO MEDIAN,NOT APPLICABLE,5,HIT OBJECT FROM ANOTHER VEHICLE IN ROAD,True,NOT APPLICABLE,"250,000 POP AND OVER",NO,0636,-0.316,US & STATE HIGHWAYS,"STRAIGHT, LEVEL",MINOR ARTERIAL,ON ROADWAY,"4 OR MORE LANES, UNDIVIDED",False,60,SH0361,DRY,MARKED LANES,CLEAR
20583432,15893,True,15893,2023,PORT ARANSAS,DRIVER INATTENTION,226303,11.782,2024-12-27,0,12,1,0,B - SUSPECTED MINOR INJURY,0,1227,1,2024,FRIDAY,19.501,0,PEDALCYCLIST,BOULEVARD,12:00 - 12:59,,UNKNOWN,INTERSECTION RELATED,27.80633127,DAYLIGHT,YES,-97.08242341,ONE MOTOR VEHICLE - GOING STRAIGHT,CURBED,FOUR ENTERING ROADS,4,NOT APPLICABLE,True,NOT APPLICABLE,"2,500 - 4,999 POP",NO,0624,-0.249,US & STATE HIGHWAYS,"STRAIGHT, LEVEL",MINOR ARTERIAL,ON ROADWAY,"4 OR MORE LANES, DIVIDED",True,45,SH0361,DRY,SIGNAL LIGHT,CLOUDY
20626624,15893,True,15893,2023,PORT ARANSAS,DRIVER INATTENTION;FAILED TO YIELD RIGHT OF WAY - TURNING LEFT,226303,12.309,2025-01-24,0,1,0,0,N - NOT INJURED,0,1015,0,2025,FRIDAY,20.028,0,MOTOR VEHICLE IN TRANSPORT,BOULEVARD,10:00 - 10:59,,MUSTANG BLVD,INTERSECTION,27.80018889,DAYLIGHT,YES,-97.08758758,ANGLE - ONE STRAIGHT-ONE LEFT TURN,CURBED,THREE ENTERING ROADS - T,4,NOT APPLICABLE,True,NOT APPLICABLE,"2,500 - 4,999 POP",NO,0624,0.278,US & STATE HIGHWAYS,"STRAIGHT, LEVEL",MINOR ARTERIAL,ON ROADWAY,"4 OR MORE LANES, DIVIDED",True,55,SH0361,DRY,STOP SIGN,CLEAR
20772385,15893,True,15893,2023,PORT ARANSAS,DRIVER INATTENTION;FAILED TO YIELD RIGHT OF WAY - TURNING LEFT;OTHER (EXPLAIN IN NARRATIVE),226303,11.783,2025-02-18,0,2,1,0,B - SUSPECTED MINOR INJURY,0,1658,1,2025,TUESDAY,19.502,0,MOTOR VEHICLE IN TRANSPORT,BOULEVARD,16:00 - 16:59,,UNKNOWN,INTERSECTION,27.80639765,DAYLIGHT,YES,-97.08252673,OPPOSITE DIRECTION - ONE STRAIGHT-ONE LEFT TURN,CURBED,FOUR ENTERING ROADS,4,NOT APPLICABLE,True,NOT APPLICABLE,"2,500 - 4,999 POP",NO,0624,-0.248,US & STATE HIGHWAYS,"STRAIGHT, LEVEL",MINOR ARTERIAL,ON ROADWAY,"4 OR MORE LANES, DIVIDED",True,55,SH0361,DRY,SIGNAL LIGHT,FOG
20687070,12050,False,12050,2023,CORPUS CHRISTI,DRIVER INATTENTION; FAILED TO DRIVE IN SINGLE LANE,226303,19.799,2025-03-04,0,3,0,1,C - POSSIBLE INJURY,0,1957,1,2025,TUESDAY,27.518,0,PARKED CAR,TWO-WAY,19:00 - 19:59,,N/A,NON INTERSECTION,27.70828116,"DARK, NOT LIGHTED",YES,-97.1527426,ONE MOTOR VEHICLE - GOING STRAIGHT,NO MEDIAN,NOT APPLICABLE,5,NOT APPLICABLE,True,ATTENTION DIVERTED FROM DRIVING,"250,000 POP AND OVER",NO,0632,-0.165,US & STATE HIGHWAYS,"STRAIGHT, LEVEL",MINOR ARTERIAL,SHOULDER,"4 OR MORE LANES, UNDIVIDED",False,65,SH0361,DRY,CENTER STRIPE/DIVIDER,CLEAR
20695471,10439,False,10439,2023,CORPUS CHRISTI,UNSAFE SPEED,226303,27.238,2025-03-07,0,3,1,0,B - SUSPECTED MINOR INJURY,0,1541,1,2025,FRIDAY,34.957,0,MOTOR VEHICLE IN TRANSPORT,TWO-WAY,15:00 - 15:59,,N/A,NON INTERSECTION,27.61798028,DAYLIGHT,YES,-97.21754124,SAME DIRECTION - BOTH GOING STRAIGHT-REAR END,NO MEDIAN,NOT APPLICABLE,5,NOT APPLICABLE,True,NOT APPLICABLE,"250,000 POP AND OVER",NO,0638,1.275,US & STATE HIGHWAYS,"STRAIGHT, LEVEL",MINOR ARTERIAL,ON ROADWAY,"4 OR MORE LANES, UNDIVIDED",False,55,SH0361,DRY,MARKED LANES,CLEAR
20749211,10439,False,10439,2023,CORPUS CHRISTI,FAILED TO PASS TO RIGHT SAFELY,226303,26.817,2025-03-09,0,3,0,0,N - NOT INJURED,0,1502,0,2025,SUNDAY,34.536,0,MOTOR VEHICLE IN TRANSPORT,TWO-WAY,15:00 - 15:59,,N/A,NON INTERSECTION,27.62092836,DAYLIGHT,YES,-97.21170145,SAME DIRECTION - BOTH GOING STRAIGHT-SIDESWIPE,NO MEDIAN,NOT APPLICABLE,5,NOT APPLICABLE,True,VEHICLE CHANGING LANES,"250,000 POP AND OVER",NO,0638,0.854,US & STATE HIGHWAYS,"STRAIGHT, LEVEL",MINOR ARTERIAL,ON ROADWAY,"4 OR MORE LANES, UNDIVIDED",False,45,SH0361,DRY,MARKED LANES,CLEAR
20745399,10439,False,10439,2023,CORPUS CHRISTI,UNSAFE SPEED,226303,24.645,2025-03-12,0,3,0,0,N - NOT INJURED,0,1835,0,2025,WEDNESDAY,32.364,0,MOTOR VEHICLE IN TRANSPORT,TWO-WAY,18:00 - 18:59,,GULF BEACH ACCESS ROAD 3,INTERSECTION RELATED,27.64788059,DAYLIGHT,YES,-97.19329878,SAME DIRECTION - ONE STRAIGHT-ONE STOPPED,NO MEDIAN,NOT APPLICABLE,5,NOT APPLICABLE,True,SLOWING/STOPPING-FOR TRAFFIC,"250,000 POP AND OVER",NO,0636,0.681,US & STATE HIGHWAYS,"STRAIGHT, LEVEL",MINOR ARTERIAL,ON ROADWAY,"4 OR MORE LANES, UNDIVIDED",False,60,SH0361,DRY,MARKED LANES,CLEAR
20699356,10439,False,10439,2023,CORPUS CHRISTI,FAILED TO YIELD RIGHT OF WAY - TURNING LEFT,226303,21.201,2025-03-13,0,3,0,0,N - NOT INJURED,0,0936,0,2025,THURSDAY,28.92,0,MOTOR VEHICLE IN TRANSPORT,TWO-WAY,09:00 - 09:59,,N/A,NON INTERSECTION,27.69081101,DAYLIGHT,YES,-97.16447093,SAME DIRECTION - ONE STRAIGHT-ONE LEFT TURN,NO MEDIAN,NOT APPLICABLE,5,NOT APPLICABLE,True,NOT APPLICABLE,"250,000 POP AND OVER",NO,0634,-0.763,US & STATE HIGHWAYS,"STRAIGHT, LEVEL",MINOR ARTERIAL,ON ROADWAY,"4 OR MORE LANES, UNDIVIDED",False,65,SH0361,DRY,MARKED LANES,FOG
20723777,10439,True,10439,2023,CORPUS CHRISTI,DISREGARD TURN MARKS AT INTERSECTION,226303,27.498,2025-03-14,0,3,0,0,N - NOT INJURED,0,1102,0,2025,FRIDAY,35.217,0,MOTOR VEHICLE IN TRANSPORT,TWO-WAY,11:00 - 11:59,0022,PR0022,INTERSECTION,27.6178894,DAYLIGHT,YES,-97.22177124,SAME DIRECTION - BOTH LEFT TURN,NO MEDIAN,FOUR ENTERING ROADS,5,NOT APPLICABLE,True,NOT APPLICABLE,"250,000 POP AND OVER",NO,0638,1.535,US & STATE HIGHWAYS,"STRAIGHT, LEVEL",MINOR ARTERIAL,ON ROADWAY,"4 OR MORE LANES, UNDIVIDED",False,55,SH0361,DRY,MARKED LANES,CLEAR
20716195,12050,False,12050,2023,OUTSIDE CITY LIMITS,DISTRACTION IN VEHICLE; FOLLOWED TOO CLOSELY,226303,14.276,2025-03-15,0,3,0,0,N - NOT INJURED,0,1542,0,2025,SATURDAY,21.995,0,MOTOR VEHICLE IN TRANSPORT,TWO-WAY,15:00 - 15:59,,N/A,NON INTERSECTION,27.77706505,DAYLIGHT,YES,-97.10636305,SAME DIRECTION - BOTH GOING STRAIGHT-REAR END,NO MEDIAN,NOT APPLICABLE,5,NOT APPLICABLE,True,SLOWING/STOPPING-FOR TRAFFIC,RURAL,NO,0626,0.283,US & STATE HIGHWAYS,"STRAIGHT, LEVEL",MINOR ARTERIAL,ON ROADWAY,"4 OR MORE LANES, UNDIVIDED",True,60,SH0361,DRY,NONE,CLEAR
20708253,15893,True,15893,2023,PORT ARANSAS,FAULTY EVASIVE ACTION; FLEEING OR EVADING POLICE; SPEEDING - (OVERLIMIT),226303,11.782,2025-03-18,0,3,0,1,C - POSSIBLE INJURY,0,1833,1,2025,TUESDAY,19.501,0,FIXED OBJECT,BOULEVARD,18:00 - 18:59,,N/A,NON INTERSECTION,27.80641206,DAYLIGHT,YES,-97.08251399,ONE MOTOR VEHICLE - GOING STRAIGHT,CURBED,FOUR ENTERING ROADS,4,HIT OTHER FIXED OBJECT,True,NOT APPLICABLE,"2,500 - 4,999 POP",NO,0624,-0.249,US & STATE HIGHWAYS,"STRAIGHT, LEVEL",MINOR ARTERIAL,OFF ROADWAY,"4 OR MORE LANES, DIVIDED",True,55,SH0361,DRY,SIGNAL LIGHT,CLEAR
20757979,10439,False,10439,2023,CORPUS CHRISTI,BACKED WITHOUT SAFETY,226303,27.496,2025-03-22,0,3,1,0,B - SUSPECTED MINOR INJURY,0,1850,1,2025,SATURDAY,35.215,0,MOTOR VEHICLE IN TRANSPORT,TWO-WAY,18:00 - 18:59,0022,PR0022,INTERSECTION RELATED,27.6178891,DAYLIGHT,YES,-97.22174031,OPPOSITE DIRECTION - ONE BACKING-ONE STOPPED,NO MEDIAN,NOT APPLICABLE,5,NOT APPLICABLE,True,"SLOWING/STOPPING - FOR OFFICER, FLAGMAN, OR TRAFFIC CONTROL","250,000 POP AND OVER",NO,0638,1.533,US & STATE HIGHWAYS,"STRAIGHT, LEVEL",MINOR ARTERIAL,ON ROADWAY,"4 OR MORE LANES, UNDIVIDED",False,55,SH0361,DRY,MARKED LANES,CLEAR
20757741,10439,False,10439,2023,CORPUS CHRISTI,FAULTY EVASIVE ACTION,226303,27.441,2025-03-27,0,3,0,0,N - NOT INJURED,0,0657,0,2025,THURSDAY,35.16,0,MOTOR VEHICLE IN TRANSPORT,TWO-WAY,06:00 - 06:59,,N/A,NON INTERSECTION,27.61787644,DAYLIGHT,YES,-97.22084747,SAME DIRECTION - BOTH GOING STRAIGHT-SIDESWIPE,NO MEDIAN,NOT APPLICABLE,5,NOT APPLICABLE,True,VEHICLE CHANGING LANES,"250,000 POP AND OVER",NO,0638,1.478,US & STATE HIGHWAYS,"STRAIGHT, LEVEL",MINOR ARTERIAL,ON ROADWAY,"4 OR MORE LANES, UNDIVIDED",False,65,SH0361,WET,MARKED LANES,CLOUDY
20744925,12050,False,12050,2023,CORPUS CHRISTI,FAILED TO DRIVE IN SINGLE LANE; FATIGUED OR ASLEEP,226303,16.341,2025-04-07,0,4,0,0,N - NOT INJURED,0,0132,0,2025,MONDAY,24.06,0,FIXED OBJECT,TWO-WAY,01:00 - 01:59,,N/A,NON INTERSECTION,27.75135069,"DARK, NOT LIGHTED",YES,-97.12373911,ONE MOTOR VEHICLE - GOING STRAIGHT,NO MEDIAN,NOT APPLICABLE,5,HIT HIGHWAY SIGN,True,ATTENTION DIVERTED FROM DRIVING,"250,000 POP AND OVER",NO,0628,0.359,US & STATE HIGHWAYS,"STRAIGHT, LEVEL",MINOR ARTERIAL,OFF ROADWAY,"4 OR MORE LANES, UNDIVIDED",False,60,SH0361,DRY,CENTER STRIPE/DIVIDER,CLEAR
20756970,10439,False,10439,2023,CORPUS CHRISTI,FAILED TO CONTROL SPEED,226303,27.43,2025-04-12,0,4,0,2,C - POSSIBLE INJURY,0,0945,2,2025,SATURDAY,35.149,0,MOTOR VEHICLE IN TRANSPORT,TWO-WAY,09:00 - 09:59,,N/A,DRIVEWAY ACCESS,27.61787377,DAYLIGHT,YES,-97.22065974,SAME DIRECTION - BOTH GOING STRAIGHT-REAR END,NO MEDIAN,NOT APPLICABLE,5,NOT APPLICABLE,True,SLOWING/STOPPING-TO MAKE LEFT TURN,"250,000 POP AND OVER",NO,0638,1.467,US & STATE HIGHWAYS,"STRAIGHT, LEVEL",MINOR ARTERIAL,ON ROADWAY,"4 OR MORE LANES, UNDIVIDED",False,55,SH0361,DRY,MARKED LANES,CLEAR
20755619,10439,False,10439,2023,CORPUS CHRISTI,FAILED TO DRIVE IN SINGLE LANE,226303,20.454,2025-04-13,0,4,1,0,B - SUSPECTED MINOR INJURY,0,1710,1,2025,SUNDAY,28.173,0,OVERTURNED,TWO-WAY,17:00 - 17:59,,N/A,NON INTERSECTION,27.70010612,DAYLIGHT,YES,-97.15821285,ONE MOTOR VEHICLE - GOING STRAIGHT,NO MEDIAN,NOT APPLICABLE,5,OVERTURNED,True,NOT APPLICABLE,"250,000 POP AND OVER",NO,0632,0.49,US & STATE HIGHWAYS,"STRAIGHT, LEVEL",MINOR ARTERIAL,OFF ROADWAY,"4 OR MORE LANES, UNDIVIDED",False,65,SH0361,DRY,MARKED LANES,CLEAR
20813334,15893,True,15893,2023,PORT ARANSAS,FAILED TO CONTROL SPEED,226303,11.782,2025-05-15,0,5,2,0,B - SUSPECTED MINOR INJURY,0,1435,2,2025,THURSDAY,19.501,0,MOTOR VEHICLE IN TRANSPORT,BOULEVARD,14:00 - 14:59,,BEACH ACCESS ROAD 1A,INTERSECTION RELATED,27.80633127,DAYLIGHT,YES,-97.08242341,SAME DIRECTION - ONE STRAIGHT-ONE STOPPED,CURBED,FOUR ENTERING ROADS,4,NOT APPLICABLE,True,"SLOWING/STOPPING - FOR OFFICER, FLAGMAN, OR TRAFFIC CONTROL","2,500 - 4,999 POP",NO,0624,-0.249,US & STATE HIGHWAYS,"STRAIGHT, LEVEL",MINOR ARTERIAL,ON ROADWAY,"4 OR MORE LANES, DIVIDED",True,45,SH0361,DRY,SIGNAL LIGHT,CLEAR
20813331,10439,True,10439,2023,CORPUS CHRISTI,FAILED TO YIELD RIGHT OF WAY - STOP SIGN,226303,26.723,2025-05-17,0,5,0,1,C - POSSIBLE INJURY,0,1119,1,2025,SATURDAY,34.442,0,MOTOR VEHICLE IN TRANSPORT,TWO-WAY,11:00 - 11:59,,ZAHN RD,INTERSECTION,27.62201986,DAYLIGHT,YES,-97.21077788,ANGLE - ONE STRAIGHT-ONE LEFT TURN,NO MEDIAN,THREE ENTERING ROADS - T,5,NOT APPLICABLE,True,NOT APPLICABLE,"250,000 POP AND OVER",NO,0638,0.76,US & STATE HIGHWAYS,"STRAIGHT, LEVEL",MINOR ARTERIAL,ON ROADWAY,"4 OR MORE LANES, UNDIVIDED",False,60,SH0361,DRY,STOP SIGN,CLOUDY
20828372,10439,False,10439,2023,CORPUS CHRISTI,FAILED TO PASS TO LEFT SAFELY; UNDER INFLUENCE - ALCOHOL,226303,22.656,2025-05-25,0,5,0,1,C - POSSIBLE INJURY,0,2030,1,2025,SUNDAY,30.375,0,MOTOR VEHICLE IN TRANSPORT,TWO-WAY,20:00 - 20:59,,N/A,NON INTERSECTION,27.67266699,"DARK, LIGHTED",YES,-97.17666452,SAME DIRECTION - BOTH GOING STRAIGHT-SIDESWIPE,NO MEDIAN,NOT APPLICABLE,5,OVERTURNED,True,VEHICLE CHANGING LANES,"250,000 POP AND OVER",NO,0634,0.692,US & STATE HIGHWAYS,"STRAIGHT, LEVEL",MINOR ARTERIAL,ON ROADWAY,"4 OR MORE LANES, UNDIVIDED",False,65,SH0361,DRY,MARKED LANES,CLEAR
20860476,15893,True,15893,2023,PORT ARANSAS,FAILED TO YIELD RIGHT OF WAY - TURNING LEFT,226303,11.782,2025-06-13,0,6,0,0,N - NOT INJURED,0,2121,0,2025,FRIDAY,19.501,0,MOTOR VEHICLE IN TRANSPORT,BOULEVARD,21:00 - 21:59,,PIPER BLVD,INTERSECTION,27.80641206,"DARK, LIGHTED",YES,-97.08251399,OPPOSITE DIRECTION - ONE STRAIGHT-ONE LEFT TURN,CURBED,FOUR ENTERING ROADS,4,NOT APPLICABLE,True,NOT APPLICABLE,"2,500 - 4,999 POP",NO,0624,-0.249,US & STATE HIGHWAYS,"STRAIGHT, LEVEL",MINOR ARTERIAL,ON ROADWAY,"4 OR MORE LANES, DIVIDED",True,55,SH0361,DRY,SIGNAL LIGHT,CLEAR
20875168,10439,False,10439,2023,CORPUS CHRISTI,FAILED TO CONTROL SPEED,226303,27.298,2025-06-18,0,6,0,0,N - NOT INJURED,0,1831,0,2025,WEDNESDAY,35.017,0,MOTOR VEHICLE IN TRANSPORT,TWO-WAY,18:00 - 18:59,,N/A,NON INTERSECTION,27.61787132,DAYLIGHT,YES,-97.21851486,SAME DIRECTION - BOTH GOING STRAIGHT-REAR END,NO MEDIAN,NOT APPLICABLE,5,NOT APPLICABLE,True,NOT APPLICABLE,"250,000 POP AND OVER",NO,0638,1.335,US & STATE HIGHWAYS,"STRAIGHT, LEVEL",MINOR ARTERIAL,ON ROADWAY,"4 OR MORE LANES, UNDIVIDED",False,45,SH0361,DRY,NONE,CLEAR
20881481,10439,False,10439,2023,CORPUS CHRISTI,FAILED TO YIELD RIGHT OF WAY - TURNING LEFT,226303,27.46,2025-06-18,0,6,0,0,N - NOT INJURED,0,1902,0,2025,WEDNESDAY,35.179,0,MOTOR VEHICLE IN TRANSPORT,TWO-WAY,19:00 - 19:59,,N/A,NON INTERSECTION,27.61788081,DAYLIGHT,YES,-97.22115549,SAME DIRECTION - BOTH GOING STRAIGHT-SIDESWIPE,NO MEDIAN,NOT APPLICABLE,5,NOT APPLICABLE,True,NOT APPLICABLE,"250,000 POP AND OVER",NO,0638,1.497,US & STATE HIGHWAYS,"STRAIGHT, LEVEL",MINOR ARTERIAL,ON ROADWAY,"4 OR MORE LANES, UNDIVIDED",False,45,SH0361,DRY,NONE,CLEAR
20875179,12050,False,12050,2023,CORPUS CHRISTI,FAILED TO CONTROL SPEED,226303,19.215,2025-06-19,0,6,0,1,C - POSSIBLE INJURY,0,1523,1,2025,THURSDAY,26.934,0,MOTOR VEHICLE IN TRANSPORT,TWO-WAY,15:00 - 15:59,,SEA WAY DR,INTERSECTION RELATED,27.71555502,DAYLIGHT,YES,-97.14783667,SAME DIRECTION - BOTH GOING STRAIGHT-REAR END,NO MEDIAN,NOT APPLICABLE,5,NOT APPLICABLE,True,SLOWING/STOPPING-TO MAKE LEFT TURN,"250,000 POP AND OVER",NO,0632,-0.749,US & STATE HIGHWAYS,"STRAIGHT, LEVEL",MINOR ARTERIAL,ON ROADWAY,"4 OR MORE LANES, UNDIVIDED",False,60,SH0361,DRY,MARKED LANES,CLOUDY
20884985,12050,False,12050,2023,CORPUS CHRISTI,OVERTAKE AND PASS INSUFFICIENT CLEARANCE,226303,19.96,2025-06-19,0,6,0,0,N - NOT INJURED,0,1600,0,2025,THURSDAY,27.679,0,MOTOR VEHICLE IN TRANSPORT,TWO-WAY,16:00 - 16:59,,N/A,NON INTERSECTION,27.70628185,DAYLIGHT,YES,-97.15409293,SAME DIRECTION - BOTH GOING STRAIGHT-SIDESWIPE,NO MEDIAN,NOT APPLICABLE,5,NOT APPLICABLE,True,VEHICLE CHANGING LANES,"250,000 POP AND OVER",NO,0632,-0.004,US & STATE HIGHWAYS,"STRAIGHT, LEVEL",MINOR ARTERIAL,ON ROADWAY,"4 OR MORE LANES, UNDIVIDED",False,60,SH0361,DRY,MARKED LANES,CLEAR
20875703,10439,False,10439,2023,CORPUS CHRISTI,FAILED TO CONTROL SPEED,226303,27.441,2025-06-22,0,6,0,0,N - NOT INJURED,0,1107,0,2025,SUNDAY,35.16,0,MOTOR VEHICLE IN TRANSPORT,TWO-WAY,11:00 - 11:59,0022,PR0022,INTERSECTION RELATED,27.61787644,DAYLIGHT,YES,-97.22084747,SAME DIRECTION - BOTH GOING STRAIGHT-REAR END,NO MEDIAN,NOT APPLICABLE,5,NOT APPLICABLE,True,"SLOWING/STOPPING - FOR OFFICER, FLAGMAN, OR TRAFFIC CONTROL","250,000 POP AND OVER",NO,0638,1.478,US & STATE HIGHWAYS,"STRAIGHT, LEVEL",MINOR ARTERIAL,ON ROADWAY,"4 OR MORE LANES, UNDIVIDED",False,55,SH0361,DRY,SIGNAL LIGHT,CLEAR
20876462,12050,False,12050,2023,CORPUS CHRISTI,DRIVER INATTENTION; FAILED TO CONTROL SPEED,226303,16.1,2025-06-22,0,6,0,0,N - NOT INJURED,0,1045,0,2025,SUNDAY,23.819,0,MOTOR VEHICLE IN TRANSPORT,TWO-WAY,10:00 - 10:59,,N/A,NON INTERSECTION,27.75434753,DAYLIGHT,YES,-97.12171407,SAME DIRECTION - BOTH GOING STRAIGHT-REAR END,NO MEDIAN,NOT APPLICABLE,5,NOT APPLICABLE,True,SLOWING/STOPPING-FOR TRAFFIC,"250,000 POP AND OVER",NO,0628,0.118,US & STATE HIGHWAYS,"STRAIGHT, LEVEL",MINOR ARTERIAL,ON ROADWAY,"4 OR MORE LANES, UNDIVIDED",False,60,SH0361,DRY,CENTER STRIPE/DIVIDER,CLEAR
20884738,12050,True,12050,2023,CORPUS CHRISTI,DRIVER INATTENTION,226303,14.585,2025-06-28,0,6,0,0,N - NOT INJURED,0,1802,0,2025,SATURDAY,22.304,0,MOTOR VEHICLE IN TRANSPORT,TWO-WAY,18:00 - 18:59,,UNKNOWN,INTERSECTION,27.77321064,DAYLIGHT,YES,-97.10896783,OPPOSITE DIRECTION - ONE STRAIGHT-ONE LEFT TURN,NO MEDIAN,THREE ENTERING ROADS - T,5,NOT APPLICABLE,True,ATTENTION DIVERTED FROM DRIVING,"250,000 POP AND OVER",NO,0626,0.592,US & STATE HIGHWAYS,"STRAIGHT, LEVEL",MINOR ARTERIAL,ON ROADWAY,"4 OR MORE LANES, UNDIVIDED",False,60,SH0361,DRY,STOP SIGN,CLEAR
20895443,15893,True,15893,2023,PORT ARANSAS,TURNED WHEN UNSAFE,226303,11.782,2025-07-04,0,7,0,0,N - NOT INJURED,0,1237,0,2025,FRIDAY,19.501,0,MOTOR VEHICLE IN TRANSPORT,BOULEVARD,12:00 - 12:59,,N/A,DRIVEWAY ACCESS,27.80641206,DAYLIGHT,YES,-97.08251399,ANGLE - ONE STRAIGHT-ONE LEFT TURN,CURBED,THREE ENTERING ROADS - T,4,NOT APPLICABLE,True,ONE VEHICLE LEAVING DRIVEWAY,"2,500 - 4,999 POP",NO,0624,-0.249,CITY STREET,"STRAIGHT, LEVEL",MINOR ARTERIAL,ON ROADWAY,"4 OR MORE LANES, DIVIDED",True,30,SH0361,DRY,SIGNAL LIGHT,CLEAR