Crash ID,Adj ADT,At Intersection Flag,ADT,ADT Year,City,Contributing Factors,Control Section,CS Milepoint,Crash Date,Death Count,Month,NonSusp Serious Inj,Possible Inj,Crash Severity,Susp Serious Inj,Crash Time,Total Inj,Year,Day of Week,DFO,Fatal Crash Flag,First Harmful Event,Hwy Lane Design,Hour,Intersecting Hwy Number,Intersecting Street Name,Intersection Related,Latitude,Light Condition,Located Flag,Longitude,Manner of Collision,Median Type,Entering Roads,Number of Lanes,Object Struck,On System Flag,Other Factor,Population Group,Private Drive Flag,Ref Marker,RM Offset,Road Class,Roadway Alignment,Roadway Function,Roadway Relation,Roadway Type,Rural Flag,Speed Limit,Street Name,Surface Condition,Traffic Control Type,Weather Condition
20904298,12050,False,12050,2023,CORPUS CHRISTI,FAILED TO YIELD RIGHT OF WAY - PRIVATE DRIVE,226303,16.046,2025-07-10,0,7,0,0,A - SUSPECTED SERIOUS INJURY,1,1617,1,2025,THURSDAY,23.765,0,MOTOR VEHICLE IN TRANSPORT,TWO-WAY,16:00 - 16:59,,N/A,DRIVEWAY ACCESS,27.7550205,DAYLIGHT,YES,-97.12125933,ANGLE - ONE STRAIGHT-ONE LEFT TURN,NO MEDIAN,NOT APPLICABLE,5,NOT APPLICABLE,True,ONE VEHICLE LEAVING DRIVEWAY,"250,000 POP AND OVER",NO,0628,0.064,US & STATE HIGHWAYS,"STRAIGHT, LEVEL",MINOR ARTERIAL,ON ROADWAY,"4 OR MORE LANES, UNDIVIDED",False,60,SH0361,DRY,MARKED LANES,CLEAR
20907716,10439,False,10439,2023,CORPUS CHRISTI,TURNED WHEN UNSAFE,226303,20.454,2025-07-12,0,7,0,0,N - NOT INJURED,0,1233,0,2025,SATURDAY,28.173,0,MOTOR VEHICLE IN TRANSPORT,TWO-WAY,12:00 - 12:59,,N/A,NON INTERSECTION,27.70010612,DAYLIGHT,YES,-97.15821285,SAME DIRECTION - ONE STRAIGHT-ONE LEFT TURN,NO MEDIAN,NOT APPLICABLE,5,NOT APPLICABLE,True,NOT APPLICABLE,"250,000 POP AND OVER",NO,0632,0.49,US & STATE HIGHWAYS,"STRAIGHT, LEVEL",MINOR ARTERIAL,ON ROADWAY,"4 OR MORE LANES, UNDIVIDED",False,65,SH0361,DRY,CENTER STRIPE/DIVIDER,CLEAR
20916894,10439,False,10439,2023,CORPUS CHRISTI,FAILED TO CONTROL SPEED,226303,27.489,2025-07-18,0,7,0,0,N - NOT INJURED,0,1807,0,2025,FRIDAY,35.208,0,MOTOR VEHICLE IN TRANSPORT,TWO-WAY,18:00 - 18:59,,N/A,NON INTERSECTION,27.61788736,DAYLIGHT,YES,-97.22161719,SAME DIRECTION - BOTH GOING STRAIGHT-REAR END,NO MEDIAN,NOT APPLICABLE,5,NOT APPLICABLE,True,SLOWING/STOPPING-FOR TRAFFIC,"250,000 POP AND OVER",NO,0638,1.526,US & STATE HIGHWAYS,"STRAIGHT, LEVEL",MINOR ARTERIAL,ON ROADWAY,"4 OR MORE LANES, UNDIVIDED",False,55,SH0361,DRY,MARKED LANES,CLEAR
20940587,12050,False,12050,2023,OUTSIDE CITY LIMITS,DRIVER INATTENTION; FAILED TO DRIVE IN SINGLE LANE,226303,14.02,2025-07-29,0,7,1,0,B - SUSPECTED MINOR INJURY,0,2057,1,2025,TUESDAY,21.739,0,PEDESTRIAN,TWO-WAY,20:00 - 20:59,,N/A,NON INTERSECTION,27.78024163,"DARK, NOT LIGHTED",YES,-97.10421583,ONE MOTOR VEHICLE - GOING STRAIGHT,NO MEDIAN,NOT APPLICABLE,5,NOT APPLICABLE,True,ATTENTION DIVERTED FROM DRIVING,RURAL,NO,0626,0.027,US & STATE HIGHWAYS,"STRAIGHT, LEVEL",MINOR ARTERIAL,SHOULDER,"4 OR MORE LANES, UNDIVIDED",True,60,SH0361,DRY,NONE,CLEAR
20953569,10439,False,10439,2023,CORPUS CHRISTI,CHANGED LANE WHEN UNSAFE;DRIVER INATTENTION;OTHER (EXPLAIN IN NARRATIVE),226303,22.534,2025-08-02,0,8,0,0,N - NOT INJURED,0,1130,0,2025,SATURDAY,30.253,0,MOTOR VEHICLE IN TRANSPORT,TWO-WAY,11:00 - 11:59,,N/A,NON INTERSECTION,27.67418731,DAYLIGHT,YES,-97.17564099,SAME DIRECTION - BOTH GOING STRAIGHT-REAR END,NO MEDIAN,NOT APPLICABLE,5,NOT APPLICABLE,True,ATTENTION DIVERTED FROM DRIVING,"250,000 POP AND OVER",NO,0634,0.57,US & STATE HIGHWAYS,"STRAIGHT, LEVEL",MINOR ARTERIAL,ON ROADWAY,"4 OR MORE LANES, UNDIVIDED",False,60,SH0361,DRY,MARKED LANES,CLEAR
20943621,10439,False,10439,2023,CORPUS CHRISTI,FAILED TO DRIVE IN SINGLE LANE; UNDER INFLUENCE - ALCOHOL,226303,21.883,2025-08-03,0,8,1,0,B - SUSPECTED MINOR INJURY,0,0147,1,2025,SUNDAY,29.602,0,OTHER OBJECT,TWO-WAY,01:00 - 01:59,,N/A,NON INTERSECTION,27.68230591,"DARK, NOT LIGHTED",YES,-97.1701825,ONE MOTOR VEHICLE - GOING STRAIGHT,NO MEDIAN,NOT APPLICABLE,5,OTHER,True,NOT APPLICABLE,"250,000 POP AND OVER",NO,0634,-0.081,US & STATE HIGHWAYS,"STRAIGHT, LEVEL",MINOR ARTERIAL,ON ROADWAY,"4 OR MORE LANES, UNDIVIDED",False,60,SH0361,DRY,MARKED LANES,CLEAR
20949411,10439,False,10439,2023,CORPUS CHRISTI,CHANGED LANE WHEN UNSAFE,226303,27.453,2025-08-08,0,8,0,0,N - NOT INJURED,0,1509,0,2025,FRIDAY,35.172,0,MOTOR VEHICLE IN TRANSPORT,TWO-WAY,15:00 - 15:59,,N/A,NON INTERSECTION,27.61787906,DAYLIGHT,YES,-97.22103237,SAME DIRECTION - BOTH GOING STRAIGHT-SIDESWIPE,NO MEDIAN,NOT APPLICABLE,5,NOT APPLICABLE,True,VEHICLE CHANGING LANES,"250,000 POP AND OVER",NO,0638,1.49,US & STATE HIGHWAYS,"STRAIGHT, LEVEL",MINOR ARTERIAL,ON ROADWAY,"4 OR MORE LANES, UNDIVIDED",False,55,SH0361,DRY,MARKED LANES,CLEAR
20963532,12050,False,12050,2023,OUTSIDE CITY LIMITS,FAILED TO DRIVE IN SINGLE LANE,226303,13.865,2025-08-15,1,8,0,0,K - FATAL INJURY,1,2204,1,2025,FRIDAY,21.584,1,MOTOR VEHICLE IN TRANSPORT,TWO-WAY,22:00 - 22:59,,N/A,NON INTERSECTION,27.78213485,"DARK, NOT LIGHTED",YES,-97.10284624,OPPOSITE DIRECTION - BOTH GOING STRAIGHT,NO MEDIAN,NOT APPLICABLE,5,OVERTURNED,True,NOT APPLICABLE,RURAL,NO,0626,-0.128,US & STATE HIGHWAYS,"CURVE, LEVEL",MINOR ARTERIAL,ON ROADWAY,"4 OR MORE LANES, UNDIVIDED",True,60,SH0361,DRY,CENTER STRIPE/DIVIDER,CLEAR
20968489,12050,False,12050,2023,OUTSIDE CITY LIMITS,FATIGUED OR ASLEEP,226303,14.257,2025-08-18,0,8,0,0,N - NOT INJURED,0,0527,0,2025,MONDAY,21.976,0,PARKED CAR,TWO-WAY,05:00 - 05:59,,N/A,NON INTERSECTION,27.77729402,"DARK, NOT LIGHTED",YES,-97.10620827,ONE MOTOR VEHICLE - GOING STRAIGHT,NO MEDIAN,NOT APPLICABLE,5,NOT APPLICABLE,True,ATTENTION DIVERTED FROM DRIVING,RURAL,NO,0626,0.264,US & STATE HIGHWAYS,"STRAIGHT, LEVEL",MINOR ARTERIAL,OFF ROADWAY,"4 OR MORE LANES, UNDIVIDED",True,60,SH0361,DRY,NONE,CLEAR
20976580,12050,False,12050,2023,CORPUS CHRISTI,FAILED TO CONTROL SPEED,226303,18.988,2025-08-23,0,8,0,0,N - NOT INJURED,0,1758,0,2025,SATURDAY,26.707,0,MOTOR VEHICLE IN TRANSPORT,TWO-WAY,17:00 - 17:59,,LA CONCHA BLVD,INTERSECTION RELATED,27.71837732,DAYLIGHT,YES,-97.14593315,SAME DIRECTION - BOTH GOING STRAIGHT-SIDESWIPE,NO MEDIAN,NOT APPLICABLE,5,NOT APPLICABLE,True,SLOWING/STOPPING-TO MAKE RIGHT TURN,"250,000 POP AND OVER",NO,0630,0.975,US & STATE HIGHWAYS,"STRAIGHT, LEVEL",MINOR ARTERIAL,ON ROADWAY,"4 OR MORE LANES, UNDIVIDED",False,60,SH0361,DRY,MARKED LANES,CLEAR
21075579,12050,False,12050,2023,OUTSIDE CITY LIMITS,UNDER INFLUENCE - ALCOHOL,226303,13.488,2025-10-17,0,10,0,0,N - NOT INJURED,0,2202,0,2025,FRIDAY,21.207,0,MOTOR VEHICLE IN TRANSPORT,TWO-WAY,22:00 - 22:59,,N/A,NON INTERSECTION,27.78652867,"DARK, NOT LIGHTED",YES,-97.09915915,OPPOSITE DIRECTION - BOTH GOING STRAIGHT,NO MEDIAN,NOT APPLICABLE,5,HIT FENCE,True,NOT APPLICABLE,RURAL,NO,0626,-0.505,US & STATE HIGHWAYS,"STRAIGHT, LEVEL",MINOR ARTERIAL,ON ROADWAY,"4 OR MORE LANES, UNDIVIDED",True,60,SH0361,DRY,NONE,CLEAR
21090628,10439,False,10439,2023,CORPUS CHRISTI,FAILED TO YIELD RIGHT OF WAY - PRIVATE DRIVE,226303,27.489,2025-10-27,0,10,0,1,C - POSSIBLE INJURY,0,1608,1,2025,MONDAY,35.208,0,MOTOR VEHICLE IN TRANSPORT,TWO-WAY,16:00 - 16:59,,N/A,DRIVEWAY ACCESS,27.61788736,DAYLIGHT,YES,-97.22161719,ANGLE - BOTH GOING STRAIGHT,NO MEDIAN,NOT APPLICABLE,5,NOT APPLICABLE,True,CONSTRUCTION - WITHIN POSTED ROAD CONSTRUCTION ZONE (NOT RELATED TO CRASH),"250,000 POP AND OVER",NO,0638,1.526,US & STATE HIGHWAYS,"STRAIGHT, LEVEL",MINOR ARTERIAL,ON ROADWAY,"4 OR MORE LANES, UNDIVIDED",False,25,SH0361,DRY,SIGNAL LIGHT,CLEAR
21094963,10439,True,10439,2023,CORPUS CHRISTI,CHANGED LANE WHEN UNSAFE; TURNED IMPROPERLY - WIDE RIGHT,226303,27.498,2025-10-29,0,10,0,0,N - NOT INJURED,0,1819,0,2025,WEDNESDAY,35.217,0,MOTOR VEHICLE IN TRANSPORT,TWO-WAY,18:00 - 18:59,0022,PR0022,INTERSECTION RELATED,27.6178894,DAYLIGHT,YES,-97.22177124,OPPOSITE DIRECTION - ONE RIGHT TURN-ONE LEFT TURN,NO MEDIAN,FOUR ENTERING ROADS,5,NOT APPLICABLE,True,NOT APPLICABLE,"250,000 POP AND OVER",NO,0638,1.535,COUNTY ROAD,"STRAIGHT, LEVEL",MINOR ARTERIAL,ON ROADWAY,"4 OR MORE LANES, UNDIVIDED",False,55,SH0361,DRY,SIGNAL LIGHT,CLEAR
21115333,10439,False,10439,2023,CORPUS CHRISTI,ANIMAL ON ROAD - WILD,226303,25.498,2025-11-09,0,11,0,0,N - NOT INJURED,0,2200,0,2025,SUNDAY,33.217,0,ANIMAL,TWO-WAY,22:00 - 22:59,,N/A,NON INTERSECTION,27.63725654,"DARK, NOT LIGHTED",YES,-97.20046518,ONE MOTOR VEHICLE - GOING STRAIGHT,NO MEDIAN,NOT APPLICABLE,5,NOT APPLICABLE,True,NOT APPLICABLE,"250,000 POP AND OVER",NO,0638,-0.465,US & STATE HIGHWAYS,"STRAIGHT, LEVEL",MINOR ARTERIAL,ON ROADWAY,"4 OR MORE LANES, UNDIVIDED",False,60,SH0361,DRY,MARKED LANES,CLEAR
21156971,12050,False,12050,2023,CORPUS CHRISTI,FAILED TO DRIVE IN SINGLE LANE; UNDER INFLUENCE - ALCOHOL,226303,18.66,2025-11-30,0,11,0,1,A - SUSPECTED SERIOUS INJURY,1,2229,2,2025,SUNDAY,26.379,0,MOTOR VEHICLE IN TRANSPORT,TWO-WAY,22:00 - 22:59,,N/A,NON INTERSECTION,27.7224571,"DARK, NOT LIGHTED",YES,-97.1431815,OPPOSITE DIRECTION - BOTH GOING STRAIGHT,NO MEDIAN,NOT APPLICABLE,5,NOT APPLICABLE,True,NOT APPLICABLE,"250,000 POP AND OVER",NO,0630,0.647,US & STATE HIGHWAYS,"STRAIGHT, LEVEL",MINOR ARTERIAL,ON ROADWAY,"4 OR MORE LANES, UNDIVIDED",False,65,SH0361,DRY,MARKED LANES,CLEAR
21210173,10439,True,10439,2023,CORPUS CHRISTI,FAILED TO YIELD RIGHT OF WAY - STOP SIGN,226303,19.998,2025-12-28,0,12,3,0,B - SUSPECTED MINOR INJURY,0,1320,3,2025,SUNDAY,27.717,0,MOTOR VEHICLE IN TRANSPORT,TWO-WAY,13:00 - 13:59,,BEACH ACCESS ROAD 2,INTERSECTION,27.70581036,DAYLIGHT,YES,-97.1544104,ANGLE - ONE STRAIGHT-ONE LEFT TURN,NO MEDIAN,THREE ENTERING ROADS - T,5,NOT APPLICABLE,True,NOT APPLICABLE,"250,000 POP AND OVER",NO,0632,0.034,US & STATE HIGHWAYS,"STRAIGHT, LEVEL",MINOR ARTERIAL,ON ROADWAY,"4 OR MORE LANES, UNDIVIDED",False,60,SH0361,DRY,STOP SIGN,CLEAR
21232589,15893,False,15893,2023,PORT ARANSAS,DRIVER INATTENTION;FOLLOWED TOO CLOSELY;UNSAFE SPEED,226303,11.781,2026-01-04,0,1,0,0,N - NOT INJURED,0,1424,0,2026,SUNDAY,19.5,0,MOTOR VEHICLE IN TRANSPORT,BOULEVARD,14:00 - 14:59,,N/A,DRIVEWAY ACCESS,27.8063399,DAYLIGHT,YES,-97.08241577,SAME DIRECTION - ONE STRAIGHT-ONE RIGHT TURN,CURBED,NOT APPLICABLE,4,NOT APPLICABLE,True,ONE VEHICLE ENTERING DRIVEWAY,"2,500 - 4,999 POP",NO,0624,-0.25,US & STATE HIGHWAYS,"STRAIGHT, LEVEL",MINOR ARTERIAL,ON ROADWAY,"4 OR MORE LANES, DIVIDED",True,60,SH0361,DRY,NONE,CLEAR
21308935,12050,True,12050,2023,CORPUS CHRISTI,FAILED TO CONTROL SPEED,226303,17.373,2026-02-19,0,2,0,0,N - NOT INJURED,0,1956,0,2026,THURSDAY,25.092,0,MOTOR VEHICLE IN TRANSPORT,TWO-WAY,19:00 - 19:59,,UNKNOWN,INTERSECTION RELATED,27.73849191,"DARK, LIGHTED",YES,-97.13237691,SAME DIRECTION - ONE STRAIGHT-ONE STOPPED,NO MEDIAN,THREE ENTERING ROADS - T,5,NOT APPLICABLE,True,SLOWING/STOPPING-TO MAKE LEFT TURN,"250,000 POP AND OVER",NO,0630,-0.64,US & STATE HIGHWAYS,"STRAIGHT, LEVEL",MINOR ARTERIAL,ON ROADWAY,"4 OR MORE LANES, UNDIVIDED",False,60,SH0361,DRY,CENTER STRIPE/DIVIDER,CLEAR
21303660,10439,False,10439,2023,CORPUS CHRISTI,FOLLOWED TOO CLOSELY;OTHER (EXPLAIN IN NARRATIVE),226303,24.392,2026-02-20,0,2,0,0,N - NOT INJURED,0,1540,0,2026,FRIDAY,32.111,0,MOTOR VEHICLE IN TRANSPORT,TWO-WAY,15:00 - 15:59,,N/A,NON INTERSECTION,27.65103206,DAYLIGHT,YES,-97.19121206,SAME DIRECTION - BOTH GOING STRAIGHT-REAR END,NO MEDIAN,NOT APPLICABLE,5,NOT APPLICABLE,True,SLOWING/STOPPING-REASON NOT SPECIFIED,"250,000 POP AND OVER",NO,0636,0.428,US & STATE HIGHWAYS,"STRAIGHT, LEVEL",MINOR ARTERIAL,ON ROADWAY,"4 OR MORE LANES, UNDIVIDED",False,60,SH0361,DRY,MARKED LANES,CLEAR
21311517,15893,True,15893,2023,PORT ARANSAS,FAILED TO HEED WARNING SIGN OR TRAFFIC CONTROL DEVICE;FAILED TO YIELD RIGHT OF WAY - TURNING LEFT;UNSAFE SPEED;TURNED WHEN UNSAFE,226303,11.783,2026-02-26,0,2,0,0,N - NOT INJURED,0,1505,0,2026,THURSDAY,19.502,0,MOTOR VEHICLE IN TRANSPORT,BOULEVARD,15:00 - 15:59,,UNKNOWN,INTERSECTION,27.80631573,DAYLIGHT,YES,-97.08243647,OPPOSITE DIRECTION - ONE STRAIGHT-ONE LEFT TURN,CURBED,FOUR ENTERING ROADS,4,HIT TRAFFIC SIGNAL POLE OR POST,True,NOT APPLICABLE,"2,500 - 4,999 POP",NO,0624,-0.248,US & STATE HIGHWAYS,"STRAIGHT, LEVEL",MINOR ARTERIAL,ON ROADWAY,"4 OR MORE LANES, DIVIDED",True,45,SH0361,DRY,SIGNAL LIGHT,CLEAR
21306533,12050,False,12050,2023,CORPUS CHRISTI,DRIVER INATTENTION,226303,15.574,2026-03-02,1,3,0,0,K - FATAL INJURY,0,1354,0,2026,MONDAY,23.293,1,PEDALCYCLIST,TWO-WAY,13:00 - 13:59,,N/A,NON INTERSECTION,27.76090361,DAYLIGHT,YES,-97.11728397,ONE MOTOR VEHICLE - GOING STRAIGHT,NO MEDIAN,NOT APPLICABLE,5,NOT APPLICABLE,True,ATTENTION DIVERTED FROM DRIVING,"250,000 POP AND OVER",NO,0628,-0.408,US & STATE HIGHWAYS,"STRAIGHT, LEVEL",MINOR ARTERIAL,ON ROADWAY,"4 OR MORE LANES, UNDIVIDED",False,60,SH0361,DRY,NONE,CLEAR
21319888,10439,True,10439,2023,CORPUS CHRISTI,FAILED TO YIELD RIGHT OF WAY - TURNING LEFT,226303,26.723,2026-03-11,0,3,0,0,N - NOT INJURED,0,1703,0,2026,WEDNESDAY,34.442,0,MOTOR VEHICLE IN TRANSPORT,TWO-WAY,17:00 - 17:59,,ZAHN RD,INTERSECTION,27.62201986,DAYLIGHT,YES,-97.21077788,ANGLE - BOTH GOING STRAIGHT,NO MEDIAN,THREE ENTERING ROADS - T,5,NOT APPLICABLE,True,NOT APPLICABLE,"250,000 POP AND OVER",NO,0638,0.76,US & STATE HIGHWAYS,"STRAIGHT, LEVEL",MINOR ARTERIAL,ON ROADWAY,"4 OR MORE LANES, UNDIVIDED",False,55,SH0361,DRY,MARKED LANES,CLEAR
21326750,15893,True,15893,2023,PORT ARANSAS,FATIGUED OR ASLEEP,226303,11.782,2026-03-13,0,3,0,0,N - NOT INJURED,0,1059,0,2026,FRIDAY,19.501,0,FIXED OBJECT,BOULEVARD,10:00 - 10:59,,N/A,NON INTERSECTION,27.80633127,DAYLIGHT,YES,-97.08242341,ONE MOTOR VEHICLE - GOING STRAIGHT,CURBED,THREE ENTERING ROADS - T,4,HIT OTHER FIXED OBJECT,True,ATTENTION DIVERTED FROM DRIVING,"2,500 - 4,999 POP",NO,0624,-0.249,US & STATE HIGHWAYS,"STRAIGHT, LEVEL",MINOR ARTERIAL,OFF ROADWAY,"4 OR MORE LANES, DIVIDED",True,45,SH0361,DRY,SIGNAL LIGHT,CLEAR
21325549,10439,False,10439,2023,CORPUS CHRISTI,FAILED TO CONTROL SPEED,226303,27.479,2026-03-14,0,3,0,0,N - NOT INJURED,0,1905,0,2026,SATURDAY,35.198,0,MOTOR VEHICLE IN TRANSPORT,TWO-WAY,19:00 - 19:59,,N/A,NON INTERSECTION,27.61788517,DAYLIGHT,YES,-97.22146329,SAME DIRECTION - BOTH GOING STRAIGHT-REAR END,NO MEDIAN,NOT APPLICABLE,5,NOT APPLICABLE,True,SLOWING/STOPPING-FOR TRAFFIC,"250,000 POP AND OVER",NO,0638,1.516,US & STATE HIGHWAYS,"STRAIGHT, GRADE",MINOR ARTERIAL,ON ROADWAY,"4 OR MORE LANES, UNDIVIDED",False,55,SH0361,DRY,MARKED LANES,CLEAR
21331405,10439,False,10439,2023,CORPUS CHRISTI,TURNED WHEN UNSAFE,226303,26.666,2026-03-14,0,3,0,0,N - NOT INJURED,0,1754,0,2026,SATURDAY,34.385,0,MOTOR VEHICLE IN TRANSPORT,TWO-WAY,17:00 - 17:59,,N/A,NON INTERSECTION,27.62271883,DAYLIGHT,YES,-97.2102899,OPPOSITE DIRECTION - ONE STRAIGHT-ONE LEFT TURN,NO MEDIAN,NOT APPLICABLE,5,NOT APPLICABLE,True,NOT APPLICABLE,"250,000 POP AND OVER",NO,0638,0.703,US & STATE HIGHWAYS,"CURVE, GRADE",MINOR ARTERIAL,ON ROADWAY,"4 OR MORE LANES, UNDIVIDED",False,55,SH0361,DRY,CENTER STRIPE/DIVIDER,CLEAR
21334358,15893,False,15893,2023,PORT ARANSAS,DRIVER INATTENTION;HAD BEEN DRINKING;UNSAFE SPEED;OTHER (EXPLAIN IN NARRATIVE),226303,12.478,2026-03-14,1,3,0,0,K - FATAL INJURY,0,1920,0,2026,SATURDAY,20.197,1,MOTOR VEHICLE IN TRANSPORT,BOULEVARD,19:00 - 19:59,,N/A,NON INTERSECTION,27.79823554,DAYLIGHT,YES,-97.08923817,SAME DIRECTION - BOTH GOING STRAIGHT-REAR END,CURBED,NOT APPLICABLE,4,NOT APPLICABLE,True,ATTENTION DIVERTED FROM DRIVING,"2,500 - 4,999 POP",NO,0624,0.447,US & STATE HIGHWAYS,"STRAIGHT, LEVEL",MINOR ARTERIAL,ON ROADWAY,"4 OR MORE LANES, DIVIDED",True,45,SH0361,DRY,SIGNAL LIGHT,CLEAR
21353406,12050,False,12050,2023,CORPUS CHRISTI,FAILED TO CONTROL SPEED,226303,18.253,2026-03-14,0,3,0,0,N - NOT INJURED,0,1548,0,2026,SATURDAY,25.972,0,MOTOR VEHICLE IN TRANSPORT,TWO-WAY,15:00 - 15:59,,NOT REPORTED,NON INTERSECTION,27.7275263,DAYLIGHT,YES,-97.13977428,SAME DIRECTION - BOTH GOING STRAIGHT-REAR END,NO MEDIAN,NOT APPLICABLE,5,NOT APPLICABLE,True,NOT APPLICABLE,"250,000 POP AND OVER",NO,0630,0.24,US & STATE HIGHWAYS,"STRAIGHT, LEVEL",MINOR ARTERIAL,ON ROADWAY,"4 OR MORE LANES, UNDIVIDED",False,55,SH0361,DRY,CENTER STRIPE/DIVIDER,CLEAR
21331984,15893,True,15893,2023,PORT ARANSAS,FAILED TO YIELD RIGHT OF WAY - TURN ON RED,226303,11.782,2026-03-15,0,3,2,0,B - SUSPECTED MINOR INJURY,0,0114,2,2026,SUNDAY,19.501,0,MOTOR VEHICLE IN TRANSPORT,BOULEVARD,01:00 - 01:59,,BEACH ACCESS ROAD 1A,INTERSECTION,27.80633127,"DARK, LIGHTED",YES,-97.08242341,OPPOSITE DIRECTION - ONE STRAIGHT-ONE LEFT TURN,CURBED,OTHER (EXPLAIN IN NARRATIVE),4,NOT APPLICABLE,True,NOT APPLICABLE,"2,500 - 4,999 POP",NO,0624,-0.249,US & STATE HIGHWAYS,"STRAIGHT, LEVEL",MINOR ARTERIAL,ON ROADWAY,"4 OR MORE LANES, DIVIDED",True,45,SH0361,DRY,SIGNAL LIGHT,CLEAR
21336752,15893,True,15893,2023,PORT ARANSAS,FAILED TO YIELD RIGHT OF WAY - TURNING LEFT,226303,11.782,2026-03-15,0,3,3,0,B - SUSPECTED MINOR INJURY,0,0057,3,2026,SUNDAY,19.501,0,MOTOR VEHICLE IN TRANSPORT,BOULEVARD,00:00 - 00:59,,UNKNOWN,INTERSECTION,27.80633277,"DARK, NOT LIGHTED",YES,-97.08242214,OPPOSITE DIRECTION - ONE STRAIGHT-ONE LEFT TURN,CURBED,FOUR ENTERING ROADS,4,OVERTURNED,True,NOT APPLICABLE,"2,500 - 4,999 POP",NO,0624,-0.249,US & STATE HIGHWAYS,"STRAIGHT, LEVEL",MINOR ARTERIAL,ON ROADWAY,"4 OR MORE LANES, DIVIDED",True,45,SH0361,DRY,SIGNAL LIGHT,CLEAR
21339308,12050,False,12050,2023,OUTSIDE CITY LIMITS,DRIVER INATTENTION,226303,13.395,2026-03-15,0,3,0,0,N - NOT INJURED,0,0156,0,2026,SUNDAY,21.114,0,MOTOR VEHICLE IN TRANSPORT,TWO-WAY,01:00 - 01:59,,GULFWIND DR,INTERSECTION,27.78760335,"DARK, NOT LIGHTED",YES,-97.0982495,SAME DIRECTION - ONE STRAIGHT-ONE STOPPED,NO MEDIAN,NOT APPLICABLE,5,NOT APPLICABLE,True,SLOWING/STOPPING-FOR TRAFFIC,RURAL,NO,0626,-0.598,US & STATE HIGHWAYS,"STRAIGHT, LEVEL",MINOR ARTERIAL,ON ROADWAY,"4 OR MORE LANES, UNDIVIDED",True,60,SH0361,DRY,MARKED LANES,CLEAR
21332101,15893,False,15893,2023,PORT ARANSAS,FAILED TO CONTROL SPEED; FOLLOWED TOO CLOSELY,226303,11.814,2026-03-17,0,3,0,1,C - POSSIBLE INJURY,0,1804,1,2026,TUESDAY,19.533,0,MOTOR VEHICLE IN TRANSPORT,BOULEVARD,18:00 - 18:59,,N/A,NON INTERSECTION,27.8059588,DAYLIGHT,YES,-97.08273631,SAME DIRECTION - BOTH GOING STRAIGHT-REAR END,CURBED,NOT APPLICABLE,4,NOT APPLICABLE,True,SLOWING/STOPPING-FOR TRAFFIC,"2,500 - 4,999 POP",NO,0624,-0.217,US & STATE HIGHWAYS,"STRAIGHT, LEVEL",MINOR ARTERIAL,ON ROADWAY,"4 OR MORE LANES, DIVIDED",True,60,SH0361,DRY,CENTER STRIPE/DIVIDER,CLEAR
21347500,15893,False,15893,2023,PORT ARANSAS,CHANGED LANE WHEN UNSAFE; DISTRACTION IN VEHICLE; UNDER INFLUENCE - ALCOHOL,226303,11.782,2026-03-19,0,3,0,0,N - NOT INJURED,0,2158,0,2026,THURSDAY,19.501,0,MOTOR VEHICLE IN TRANSPORT,BOULEVARD,21:00 - 21:59,,N/A,NON INTERSECTION,27.80641421,"DARK, LIGHTED",YES,-97.08251209,SAME DIRECTION - BOTH GOING STRAIGHT-SIDESWIPE,CURBED,NOT APPLICABLE,4,NOT APPLICABLE,True,VEHICLE CHANGING LANES,"2,500 - 4,999 POP",NO,0624,-0.249,US & STATE HIGHWAYS,"STRAIGHT, LEVEL",MINOR ARTERIAL,ON ROADWAY,"4 OR MORE LANES, DIVIDED",True,55,SH0361,DRY,NONE,CLEAR