Crash ID,Adj ADT,At Intersection Flag,ADT,ADT Year,City,Contributing Factors,Control Section,CS Milepoint,Crash Date,Death Count,Month,NonSusp Serious Inj,Possible Inj,Crash Severity,Susp Serious Inj,Crash Time,Total Inj,Year,Day of Week,DFO,Fatal Crash Flag,First Harmful Event,Hwy Lane Design,Hour,Intersecting Hwy Number,Intersecting Street Name,Intersection Related,Latitude,Light Condition,Located Flag,Longitude,Manner of Collision,Median Type,Entering Roads,Number of Lanes,Object Struck,On System Flag,Other Factor,Population Group,Private Drive Flag,Ref Marker,RM Offset,Road Class,Roadway Alignment,Roadway Function,Roadway Relation,Roadway Type,Rural Flag,Speed Limit,Street Name,Surface Condition,Traffic Control Type,Weather Condition
21348820,10439,True,10439,2023,CORPUS CHRISTI,FAILED TO CONTROL SPEED,226303,19.998,2026-03-29,0,3,1,0,B - SUSPECTED MINOR INJURY,0,0916,1,2026,SUNDAY,27.717,0,FIXED OBJECT,TWO-WAY,09:00 - 09:59,,BEACH ACCESS ROAD 2,INTERSECTION RELATED,27.70581036,DAYLIGHT,YES,-97.1544104,ONE MOTOR VEHICLE - TURNING RIGHT,NO MEDIAN,THREE ENTERING ROADS - T,5,HIT HIGHWAY SIGN,True,NOT APPLICABLE,"250,000 POP AND OVER",NO,0632,0.034,US & STATE HIGHWAYS,"STRAIGHT, LEVEL",MINOR ARTERIAL,OFF ROADWAY,"4 OR MORE LANES, UNDIVIDED",False,65,SH0361,DRY,CENTER STRIPE/DIVIDER,CLEAR
21364730,15893,True,15893,2023,PORT ARANSAS,TURNED IMPROPERLY - WIDE RIGHT,226303,11.782,2026-04-04,0,4,1,0,B - SUSPECTED MINOR INJURY,0,1156,1,2026,SATURDAY,19.501,0,FIXED OBJECT,BOULEVARD,11:00 - 11:59,,ACCESS ROAD 1 A,INTERSECTION RELATED,27.80633127,DAYLIGHT,YES,-97.08242341,ONE MOTOR VEHICLE - TURNING RIGHT,CURBED,OTHER (EXPLAIN IN NARRATIVE),4,HIT CURB,True,NOT APPLICABLE,"2,500 - 4,999 POP",NO,0624,-0.249,US & STATE HIGHWAYS,"STRAIGHT, LEVEL",MINOR ARTERIAL,OFF ROADWAY,"4 OR MORE LANES, DIVIDED",True,60,SH0361,DRY,STOP SIGN,CLEAR
21387184,15893,True,15893,2023,PORT ARANSAS,DRIVER INATTENTION;FAILED TO STOP AT PROPER PLACE;OTHER (EXPLAIN IN NARRATIVE),226303,12.038,2026-04-17,0,4,0,0,A - SUSPECTED SERIOUS INJURY,1,1329,1,2026,FRIDAY,19.757,0,MOTOR VEHICLE IN TRANSPORT,BOULEVARD,13:00 - 13:59,,PALMILLA WAY,INTERSECTION,27.80334784,DAYLIGHT,YES,-97.08493821,ANGLE - BOTH GOING STRAIGHT,CURBED,THREE ENTERING ROADS - T,4,NOT APPLICABLE,True,NOT APPLICABLE,"2,500 - 4,999 POP",NO,0624,0.007,US & STATE HIGHWAYS,"STRAIGHT, LEVEL",MINOR ARTERIAL,ON ROADWAY,"4 OR MORE LANES, DIVIDED",True,55,SH0361,DRY,OTHER (EXPLAIN IN NARRATIVE),CLOUDY
21387741,10439,False,10439,2023,CORPUS CHRISTI,FAILED TO CONTROL SPEED,226303,27.479,2026-04-17,0,4,0,0,N - NOT INJURED,0,1510,0,2026,FRIDAY,35.198,0,MOTOR VEHICLE IN TRANSPORT,TWO-WAY,15:00 - 15:59,,N/A,NON INTERSECTION,27.61788517,DAYLIGHT,YES,-97.22146329,SAME DIRECTION - BOTH GOING STRAIGHT-SIDESWIPE,NO MEDIAN,NOT APPLICABLE,5,NOT APPLICABLE,True,VEHICLE CHANGING LANES,"250,000 POP AND OVER",NO,0638,1.516,US & STATE HIGHWAYS,"STRAIGHT, LEVEL",MINOR ARTERIAL,ON ROADWAY,"4 OR MORE LANES, UNDIVIDED",False,55,SH0361,DRY,MARKED LANES,CLEAR
21422449,12050,False,12050,2023,CORPUS CHRISTI,DRIVER INATTENTION; FAILED TO CONTROL SPEED,226303,14.805,2026-05-09,0,5,1,0,B - SUSPECTED MINOR INJURY,0,0619,1,2026,SATURDAY,22.524,0,PARKED CAR,TWO-WAY,06:00 - 06:59,,N/A,NON INTERSECTION,27.77048013,"DARK, NOT LIGHTED",YES,-97.11081289,ONE MOTOR VEHICLE - GOING STRAIGHT,NO MEDIAN,NOT APPLICABLE,5,NOT APPLICABLE,True,ATTENTION DIVERTED FROM DRIVING,"250,000 POP AND OVER",NO,0626,0.812,US & STATE HIGHWAYS,"STRAIGHT, LEVEL",MINOR ARTERIAL,SHOULDER,"4 OR MORE LANES, UNDIVIDED",False,60,SH0361,WET,MARKED LANES,RAIN
21432203,15893,True,15893,2023,PORT ARANSAS,FAILED TO YIELD RIGHT OF WAY - TURNING LEFT;OTHER (EXPLAIN IN NARRATIVE),226303,11.782,2026-05-11,0,5,1,0,B - SUSPECTED MINOR INJURY,0,1243,1,2026,MONDAY,19.501,0,MOTOR VEHICLE IN TRANSPORT,BOULEVARD,12:00 - 12:59,,ACCESS ROAD 1 A,INTERSECTION,27.80633127,DAYLIGHT,YES,-97.08242341,OPPOSITE DIRECTION - ONE STRAIGHT-ONE LEFT TURN,CURBED,FOUR ENTERING ROADS,4,NOT APPLICABLE,True,NOT APPLICABLE,"2,500 - 4,999 POP",NO,0624,-0.249,US & STATE HIGHWAYS,"STRAIGHT, LEVEL",MINOR ARTERIAL,ON ROADWAY,"4 OR MORE LANES, DIVIDED",True,45,SH0361,DRY,SIGNAL LIGHT,CLEAR
21437896,12050,False,12050,2023,CORPUS CHRISTI,FAILED TO CONTROL SPEED,226303,17.572,2026-05-14,0,5,0,0,N - NOT INJURED,0,0920,0,2026,THURSDAY,25.291,0,MOTOR VEHICLE IN TRANSPORT,TWO-WAY,09:00 - 09:59,,N/A,DRIVEWAY ACCESS,27.73602062,DAYLIGHT,YES,-97.13404404,SAME DIRECTION - BOTH GOING STRAIGHT-REAR END,NO MEDIAN,NOT APPLICABLE,5,NOT APPLICABLE,True,ONE VEHICLE ENTERING DRIVEWAY,"250,000 POP AND OVER",NO,0630,-0.441,US & STATE HIGHWAYS,"STRAIGHT, LEVEL",MINOR ARTERIAL,ON ROADWAY,"4 OR MORE LANES, UNDIVIDED",False,60,SH0361,DRY,MARKED LANES,CLEAR
21437929,10439,False,10439,2023,CORPUS CHRISTI,TURNED WHEN UNSAFE,226303,26.704,2026-05-18,0,5,0,0,N - NOT INJURED,0,1628,0,2026,MONDAY,34.423,0,MOTOR VEHICLE IN TRANSPORT,TWO-WAY,16:00 - 16:59,,N/A,NON INTERSECTION,27.62225285,DAYLIGHT,YES,-97.21061522,SAME DIRECTION - ONE STRAIGHT-ONE LEFT TURN,NO MEDIAN,NOT APPLICABLE,5,NOT APPLICABLE,True,NOT APPLICABLE,"250,000 POP AND OVER",NO,0638,0.741,US & STATE HIGHWAYS,"STRAIGHT, GRADE",MINOR ARTERIAL,ON ROADWAY,"4 OR MORE LANES, UNDIVIDED",False,55,SH0361,DRY,CENTER STRIPE/DIVIDER,CLEAR
21448236,10439,False,10439,2023,CORPUS CHRISTI,FAILED TO DRIVE IN SINGLE LANE,226303,24.735,2026-05-24,0,5,0,0,N - NOT INJURED,0,1322,0,2026,SUNDAY,32.454,0,FIXED OBJECT,TWO-WAY,13:00 - 13:59,,N/A,NON INTERSECTION,27.64675502,DAYLIGHT,YES,-97.19406779,ONE MOTOR VEHICLE - GOING STRAIGHT,NO MEDIAN,NOT APPLICABLE,5,HIT GUARDRAIL,True,NOT APPLICABLE,"250,000 POP AND OVER",NO,0636,0.771,US & STATE HIGHWAYS,"STRAIGHT, LEVEL",MINOR ARTERIAL,OFF ROADWAY,"4 OR MORE LANES, UNDIVIDED",False,65,SH0361,WET,MARKED LANES,CLEAR
21450499,10439,False,10439,2023,CORPUS CHRISTI,OVERTAKE AND PASS INSUFFICIENT CLEARANCE,226303,27.403,2026-05-25,0,5,0,0,N - NOT INJURED,0,1130,0,2026,MONDAY,35.122,0,MOTOR VEHICLE IN TRANSPORT,TWO-WAY,11:00 - 11:59,,N/A,NON INTERSECTION,27.61786761,DAYLIGHT,YES,-97.22022566,SAME DIRECTION - BOTH GOING STRAIGHT-SIDESWIPE,NO MEDIAN,NOT APPLICABLE,5,NOT APPLICABLE,True,VEHICLE PASSING OR ATTEMPTING TO PASS ON RIGHT,"250,000 POP AND OVER",NO,0638,1.44,US & STATE HIGHWAYS,"STRAIGHT, LEVEL",MINOR ARTERIAL,ON ROADWAY,"4 OR MORE LANES, UNDIVIDED",False,55,SH0361,DRY,MARKED LANES,CLEAR
21461353,12050,True,12050,2023,CORPUS CHRISTI,FAILED TO YIELD RIGHT OF WAY - STOP SIGN,226303,19.216,2026-05-31,0,5,2,0,A - SUSPECTED SERIOUS INJURY,2,1043,4,2026,SUNDAY,26.935,0,MOTOR VEHICLE IN TRANSPORT,TWO-WAY,10:00 - 10:59,,SEA WAY DR,INTERSECTION,27.71554329,DAYLIGHT,YES,-97.14784458,ANGLE - ONE STRAIGHT-ONE LEFT TURN,NO MEDIAN,THREE ENTERING ROADS - T,5,NOT APPLICABLE,True,NOT APPLICABLE,"250,000 POP AND OVER",NO,0632,-0.748,US & STATE HIGHWAYS,"STRAIGHT, LEVEL",MINOR ARTERIAL,ON ROADWAY,"4 OR MORE LANES, UNDIVIDED",False,65,SH0361,DRY,STOP SIGN,CLEAR
21466597,12050,True,12050,2023,CORPUS CHRISTI,DRIVER INATTENTION;FAILED TO YIELD RIGHT OF WAY - STOP SIGN,226303,14.465,2026-06-01,0,6,1,1,B - SUSPECTED MINOR INJURY,0,1628,2,2026,MONDAY,22.184,0,MOTOR VEHICLE IN TRANSPORT,TWO-WAY,16:00 - 16:59,,N/A,DRIVEWAY ACCESS,27.77471043,DAYLIGHT,YES,-97.10795438,ANGLE - BOTH GOING STRAIGHT,NO MEDIAN,THREE ENTERING ROADS - T,5,NOT APPLICABLE,True,ONE VEHICLE LEAVING DRIVEWAY,"250,000 POP AND OVER",NO,0626,0.472,US & STATE HIGHWAYS,"STRAIGHT, LEVEL",MINOR ARTERIAL,ON ROADWAY,"4 OR MORE LANES, UNDIVIDED",False,60,SH0361,DRY,STOP SIGN,CLEAR
21470052,10439,False,10439,2023,CORPUS CHRISTI,OTHER (EXPLAIN IN NARRATIVE),226303,25.72,2026-06-04,0,6,3,0,B - SUSPECTED MINOR INJURY,0,1500,3,2026,THURSDAY,33.439,0,MOTOR VEHICLE IN TRANSPORT,TWO-WAY,15:00 - 15:59,,N/A,NON INTERSECTION,27.63449183,DAYLIGHT,YES,-97.20233006,OPPOSITE DIRECTION - BOTH GOING STRAIGHT,NO MEDIAN,NOT APPLICABLE,5,NOT APPLICABLE,True,NOT APPLICABLE,"250,000 POP AND OVER",NO,0638,-0.243,US & STATE HIGHWAYS,"STRAIGHT, LEVEL",MINOR ARTERIAL,ON ROADWAY,"4 OR MORE LANES, UNDIVIDED",False,60,SH0361,DRY,CENTER STRIPE/DIVIDER,CLEAR
21507913,12050,False,12050,2023,CORPUS CHRISTI,FAILED TO DRIVE IN SINGLE LANE,226303,19.132,2026-06-20,0,6,0,0,N - NOT INJURED,0,1527,0,2026,SATURDAY,26.851,0,FIXED OBJECT,TWO-WAY,15:00 - 15:59,,N/A,NON INTERSECTION,27.71658217,DAYLIGHT,YES,-97.1471439,ONE MOTOR VEHICLE - GOING STRAIGHT,NO MEDIAN,NOT APPLICABLE,5,DITCH,True,NOT APPLICABLE,"250,000 POP AND OVER",NO,0632,-0.832,US & STATE HIGHWAYS,"STRAIGHT, LEVEL",MINOR ARTERIAL,OFF ROADWAY,"4 OR MORE LANES, UNDIVIDED",False,60,SH0361,WET,CENTER STRIPE/DIVIDER,CLOUDY
21495813,15893,False,15893,2023,PORT ARANSAS,DRIVER INATTENTION; FAILED TO CONTROL SPEED,226303,11.82,2026-06-22,0,6,0,1,C - POSSIBLE INJURY,0,0126,1,2026,MONDAY,19.539,0,MOTOR VEHICLE IN TRANSPORT,BOULEVARD,01:00 - 01:59,,N/A,NON INTERSECTION,27.80597303,"DARK, NOT LIGHTED",YES,-97.08288717,SAME DIRECTION - BOTH GOING STRAIGHT-REAR END,CURBED,NOT APPLICABLE,4,NOT APPLICABLE,True,NOT APPLICABLE,"2,500 - 4,999 POP",NO,0624,-0.211,US & STATE HIGHWAYS,"STRAIGHT, LEVEL",MINOR ARTERIAL,ON ROADWAY,"4 OR MORE LANES, DIVIDED",True,55,SH0361,DRY,MARKED LANES,CLEAR
21506405,15893,False,15893,2023,PORT ARANSAS,DRIVER INATTENTION,226303,12.285,2026-06-22,0,6,0,1,C - POSSIBLE INJURY,0,0139,1,2026,MONDAY,20.004,0,FIXED OBJECT,BOULEVARD,01:00 - 01:59,,N/A,NON INTERSECTION,27.80055185,"DARK, NOT LIGHTED",YES,-97.08745777,ONE MOTOR VEHICLE - GOING STRAIGHT,CURBED,NOT APPLICABLE,4,HIT OTHER FIXED OBJECT,True,ATTENTION DIVERTED FROM DRIVING,"2,500 - 4,999 POP",NO,0624,0.254,US & STATE HIGHWAYS,"STRAIGHT, LEVEL",MINOR ARTERIAL,OFF ROADWAY,"4 OR MORE LANES, DIVIDED",True,55,SH0361,DRY,STOP SIGN,CLOUDY
21503667,12050,False,12050,2023,OUTSIDE CITY LIMITS,PASSED IN NO PASSING LANE,226303,13.974,2026-06-26,0,6,1,0,A - SUSPECTED SERIOUS INJURY,1,0830,2,2026,FRIDAY,21.693,0,MOTOR VEHICLE IN TRANSPORT,TWO-WAY,08:00 - 08:59,,NOT REPORTED,NON INTERSECTION,27.78081468,DAYLIGHT,YES,-97.10382267,OPPOSITE DIRECTION - BOTH GOING STRAIGHT,NO MEDIAN,NOT APPLICABLE,5,NOT APPLICABLE,True,NOT APPLICABLE,RURAL,NO,0626,-100.0,US & STATE HIGHWAYS,"STRAIGHT, LEVEL",MINOR ARTERIAL,ON ROADWAY,"4 OR MORE LANES, UNDIVIDED",True,60,SH0361,DRY,NONE,CLEAR
21505399,15893,False,15893,2023,PORT ARANSAS,FAILED TO CONTROL SPEED,226303,11.763,2026-06-27,0,6,0,0,N - NOT INJURED,0,2242,0,2026,SATURDAY,19.482,0,MOTOR VEHICLE IN TRANSPORT,BOULEVARD,22:00 - 22:59,,N/A,NON INTERSECTION,27.80662788,"DARK, LIGHTED",YES,-97.08232313,SAME DIRECTION - BOTH GOING STRAIGHT-REAR END,CURBED,NOT APPLICABLE,4,NOT APPLICABLE,True,NOT APPLICABLE,"2,500 - 4,999 POP",NO,0624,-0.268,US & STATE HIGHWAYS,"STRAIGHT, LEVEL",MINOR ARTERIAL,ON ROADWAY,"4 OR MORE LANES, DIVIDED",True,55,SH0361,DRY,NONE,CLEAR
21537787,10439,False,10439,2023,CORPUS CHRISTI,CHANGED LANE WHEN UNSAFE,226303,22.73,2026-06-27,0,6,0,0,99 - UNKNOWN,0,2306,0,2026,SATURDAY,30.449,0,PARKED CAR,TWO-WAY,23:00 - 23:59,,N/A,NON INTERSECTION,27.67174955,"DARK, NOT LIGHTED",YES,-97.17728276,ONE MOTOR VEHICLE - GOING STRAIGHT,NO MEDIAN,NOT APPLICABLE,5,NOT APPLICABLE,True,VEHICLE CHANGING LANES,"250,000 POP AND OVER",NO,0634,0.766,CITY STREET,"STRAIGHT, LEVEL",MINOR ARTERIAL,OFF ROADWAY,"4 OR MORE LANES, UNDIVIDED",False,15,SH0361,DRY,NONE,CLEAR
21520768,12050,False,12050,2023,OUTSIDE CITY LIMITS,FOLLOWED TOO CLOSELY;OTHER (EXPLAIN IN NARRATIVE),226303,13.993,2026-07-03,0,7,1,0,B - SUSPECTED MINOR INJURY,0,1954,1,2026,FRIDAY,21.712,0,MOTOR VEHICLE IN TRANSPORT,TWO-WAY,19:00 - 19:59,,UNKNOWN,INTERSECTION RELATED,27.78058147,DAYLIGHT,YES,-97.10398439,SAME DIRECTION - BOTH GOING STRAIGHT-REAR END,NO MEDIAN,NOT APPLICABLE,5,NOT APPLICABLE,True,SLOWING/STOPPING-FOR TRAFFIC,RURAL,NO,0626,0.0,CITY STREET,"STRAIGHT, LEVEL",MINOR ARTERIAL,ON ROADWAY,"4 OR MORE LANES, UNDIVIDED",True,45,SH0361,DRY,OTHER (EXPLAIN IN NARRATIVE),CLEAR
21528063,12050,False,12050,2023,CORPUS CHRISTI,FAILED TO CONTROL SPEED,226303,18.682,2026-07-03,0,7,1,0,B - SUSPECTED MINOR INJURY,0,1813,1,2026,FRIDAY,26.401,0,MOTOR VEHICLE IN TRANSPORT,TWO-WAY,18:00 - 18:59,,N/A,NON INTERSECTION,27.72218953,DAYLIGHT,YES,-97.14336196,SAME DIRECTION - ONE STRAIGHT-ONE STOPPED,NO MEDIAN,NOT APPLICABLE,5,NOT APPLICABLE,True,SLOWING/STOPPING-FOR TRAFFIC,"250,000 POP AND OVER",NO,0630,0.669,US & STATE HIGHWAYS,"STRAIGHT, LEVEL",MINOR ARTERIAL,ON ROADWAY,"4 OR MORE LANES, UNDIVIDED",False,60,SH0361,DRY,CENTER STRIPE/DIVIDER,CLEAR
21530776,10439,False,10439,2023,CORPUS CHRISTI,FAILED TO DRIVE IN SINGLE LANE,226303,22.655,2026-07-03,0,7,0,0,N - NOT INJURED,0,1903,0,2026,FRIDAY,30.374,0,MOTOR VEHICLE IN TRANSPORT,TWO-WAY,19:00 - 19:59,,N/A,NON INTERSECTION,27.67268476,DAYLIGHT,YES,-97.17665254,ANGLE - ONE STRAIGHT-ONE BACKING,NO MEDIAN,NOT APPLICABLE,5,NOT APPLICABLE,True,NOT APPLICABLE,"250,000 POP AND OVER",NO,0634,0.691,CITY STREET,"STRAIGHT, LEVEL",MINOR ARTERIAL,ON ROADWAY,"4 OR MORE LANES, UNDIVIDED",False,15,SH0361,"SAND, MUD, DIRT",MARKED LANES,CLEAR
21526665,10439,False,10439,2023,CORPUS CHRISTI,BACKED WITHOUT SAFETY; DRIVER INATTENTION,226303,20.807,2026-07-04,0,7,0,0,N - NOT INJURED,0,1549,0,2026,SATURDAY,28.526,0,PARKED CAR,TWO-WAY,15:00 - 15:59,,N/A,NON INTERSECTION,27.69571262,DAYLIGHT,YES,-97.16117669,ONE MOTOR VEHICLE - BACKING,NO MEDIAN,NOT APPLICABLE,5,NOT APPLICABLE,True,CRASH OCCURRED ON A BEACH,"250,000 POP AND OVER",NO,0632,0.843,OTHER ROADS,"STRAIGHT, LEVEL",MINOR ARTERIAL,ON ROADWAY,"4 OR MORE LANES, UNDIVIDED",False,15,SH0361,"SAND, MUD, DIRT",NONE,CLEAR
21529003,12050,False,12050,2023,CORPUS CHRISTI,PEDESTRIAN FAILED TO YIELD RIGHT OF WAY TO VEHICLE,226303,17.03,2026-07-04,0,7,1,0,B - SUSPECTED MINOR INJURY,0,2314,1,2026,SATURDAY,24.749,0,PEDESTRIAN,TWO-WAY,23:00 - 23:59,,N/A,NON INTERSECTION,27.74276677,"DARK, NOT LIGHTED",YES,-97.12949941,ONE MOTOR VEHICLE - GOING STRAIGHT,NO MEDIAN,NOT APPLICABLE,5,NOT APPLICABLE,True,NOT APPLICABLE,"250,000 POP AND OVER",NO,0630,-0.983,US & STATE HIGHWAYS,"STRAIGHT, LEVEL",MINOR ARTERIAL,ON ROADWAY,"4 OR MORE LANES, UNDIVIDED",False,60,SH0361,DRY,MARKED LANES,CLEAR
21540238,12050,False,12050,2023,CORPUS CHRISTI,FAILED TO DRIVE IN SINGLE LANE; UNDER INFLUENCE - ALCOHOL,226303,17.572,2026-07-04,0,7,0,0,99 - UNKNOWN,0,0255,0,2026,SATURDAY,25.291,0,OTHER NON COLLISION,TWO-WAY,02:00 - 02:59,,N/A,NON INTERSECTION,27.73602062,"DARK, LIGHTED",YES,-97.13404404,ONE MOTOR VEHICLE - GOING STRAIGHT,NO MEDIAN,NOT APPLICABLE,5,NOT APPLICABLE,True,VEHICLE CHANGING LANES,"250,000 POP AND OVER",NO,0630,-0.441,US & STATE HIGHWAYS,"STRAIGHT, LEVEL",MINOR ARTERIAL,OFF ROADWAY,"4 OR MORE LANES, UNDIVIDED",False,60,SH0361,DRY,CENTER STRIPE/DIVIDER,CLEAR
21520380,12050,False,12050,2023,OUTSIDE CITY LIMITS,TURNED WHEN UNSAFE,226303,14.258,2026-07-05,0,7,0,0,N - NOT INJURED,0,0222,0,2026,SUNDAY,21.977,0,MOTOR VEHICLE IN TRANSPORT,TWO-WAY,02:00 - 02:59,,N/A,NON INTERSECTION,27.77728543,"DARK, NOT LIGHTED",YES,-97.10621408,SAME DIRECTION - ONE STRAIGHT-ONE LEFT TURN,NO MEDIAN,NOT APPLICABLE,5,NOT APPLICABLE,True,NOT APPLICABLE,RURAL,NO,0626,0.265,US & STATE HIGHWAYS,"STRAIGHT, LEVEL",MINOR ARTERIAL,ON ROADWAY,"4 OR MORE LANES, UNDIVIDED",True,60,SH0361,DRY,MARKED LANES,CLEAR
21547002,12050,False,12050,2023,CORPUS CHRISTI,UNSAFE SPEED,226303,19.272,2026-07-05,0,7,0,0,N - NOT INJURED,0,1201,0,2026,SUNDAY,26.991,0,MOTOR VEHICLE IN TRANSPORT,TWO-WAY,12:00 - 12:59,,N/A,NON INTERSECTION,27.7148362,DAYLIGHT,YES,-97.14832149,SAME DIRECTION - BOTH GOING STRAIGHT-REAR END,NO MEDIAN,NOT APPLICABLE,5,NOT APPLICABLE,True,SLOWING/STOPPING-FOR TRAFFIC,"250,000 POP AND OVER",NO,0632,-0.692,US & STATE HIGHWAYS,"STRAIGHT, LEVEL",MINOR ARTERIAL,ON ROADWAY,"4 OR MORE LANES, UNDIVIDED",False,65,SH0361,DRY,MARKED LANES,CLEAR
21529409,10439,True,10439,2023,CORPUS CHRISTI,UNSAFE SPEED,226303,27.498,2026-07-12,0,7,0,0,N - NOT INJURED,0,2255,0,2026,SUNDAY,35.217,0,MOTOR VEHICLE IN TRANSPORT,TWO-WAY,22:00 - 22:59,0022,PR0022,INTERSECTION,27.6178894,"DARK, LIGHTED",YES,-97.22177124,SAME DIRECTION - BOTH GOING STRAIGHT-REAR END,NO MEDIAN,FOUR ENTERING ROADS,5,NOT APPLICABLE,True,NOT APPLICABLE,"250,000 POP AND OVER",NO,0638,1.535,US & STATE HIGHWAYS,"STRAIGHT, LEVEL",MINOR ARTERIAL,ON ROADWAY,"4 OR MORE LANES, UNDIVIDED",False,55,SH0361,DRY,SIGNAL LIGHT,CLEAR
21543386,10439,False,10439,2023,CORPUS CHRISTI,LOAD NOT SECURED,226303,24.669,2026-07-16,0,7,0,0,N - NOT INJURED,0,1404,0,2026,THURSDAY,32.388,0,MOTOR VEHICLE IN TRANSPORT,TWO-WAY,14:00 - 14:59,,N/A,NON INTERSECTION,27.64757547,DAYLIGHT,YES,-97.19350724,OPPOSITE DIRECTION - BOTH GOING STRAIGHT,NO MEDIAN,NOT APPLICABLE,5,NOT APPLICABLE,True,NOT APPLICABLE,"250,000 POP AND OVER",NO,0636,0.705,US & STATE HIGHWAYS,"STRAIGHT, LEVEL",MINOR ARTERIAL,ON ROADWAY,"4 OR MORE LANES, UNDIVIDED",False,60,SH0361,DRY,CENTER STRIPE/DIVIDER,CLEAR
21536848,10439,False,10439,2023,CORPUS CHRISTI,FAILED TO CONTROL SPEED,226303,24.541,2026-07-17,0,7,0,0,N - NOT INJURED,0,1605,0,2026,FRIDAY,32.26,0,MOTOR VEHICLE IN TRANSPORT,TWO-WAY,16:00 - 16:59,,N/A,NON INTERSECTION,27.64917717,DAYLIGHT,YES,-97.19245626,SAME DIRECTION - BOTH GOING STRAIGHT-REAR END,NO MEDIAN,NOT APPLICABLE,5,NOT APPLICABLE,True,SLOWING/STOPPING-FOR TRAFFIC,"250,000 POP AND OVER",NO,0636,0.577,US & STATE HIGHWAYS,"STRAIGHT, LEVEL",MINOR ARTERIAL,ON ROADWAY,"4 OR MORE LANES, UNDIVIDED",False,60,SH0361,DRY,CENTER STRIPE/DIVIDER,CLOUDY
21556974,10439,True,10439,2023,CORPUS CHRISTI,FAILED TO CONTROL SPEED,226303,27.498,2026-07-17,0,7,0,0,N - NOT INJURED,0,1745,0,2026,FRIDAY,35.217,0,MOTOR VEHICLE IN TRANSPORT,TWO-WAY,17:00 - 17:59,0022,PR0022,INTERSECTION,27.6178894,DAYLIGHT,YES,-97.22177124,OPPOSITE DIRECTION - ONE STRAIGHT-ONE LEFT TURN,NO MEDIAN,FOUR ENTERING ROADS,5,NOT APPLICABLE,True,NOT APPLICABLE,"250,000 POP AND OVER",NO,0638,1.535,US & STATE HIGHWAYS,"STRAIGHT, LEVEL",MINOR ARTERIAL,ON ROADWAY,"4 OR MORE LANES, UNDIVIDED",False,55,SH0361,DRY,SIGNAL LIGHT,CLEAR
21556943,10439,True,10439,2023,CORPUS CHRISTI,FAILED TO YIELD RIGHT OF WAY - TURNING LEFT,226303,27.498,2026-07-29,0,7,0,0,N - NOT INJURED,0,2119,0,2026,WEDNESDAY,35.217,0,MOTOR VEHICLE IN TRANSPORT,TWO-WAY,21:00 - 21:59,0022,PR0022,INTERSECTION,27.6178894,"DARK, LIGHTED",YES,-97.22177124,OPPOSITE DIRECTION - ONE STRAIGHT-ONE LEFT TURN,NO MEDIAN,FOUR ENTERING ROADS,5,NOT APPLICABLE,True,NOT APPLICABLE,"250,000 POP AND OVER",NO,0638,1.535,US & STATE HIGHWAYS,"STRAIGHT, LEVEL",MINOR ARTERIAL,ON ROADWAY,"4 OR MORE LANES, UNDIVIDED",False,55,SH0361,DRY,SIGNAL LIGHT,CLEAR
21573078,10439,False,10439,2023,CORPUS CHRISTI,CHANGED LANE WHEN UNSAFE,226303,20.351,2026-08-06,0,8,0,4,C - POSSIBLE INJURY,0,1603,4,2026,THURSDAY,28.07,0,MOTOR VEHICLE IN TRANSPORT,TWO-WAY,16:00 - 16:59,,N/A,NON INTERSECTION,27.70138926,DAYLIGHT,YES,-97.15734743,OPPOSITE DIRECTION - BOTH GOING STRAIGHT,NO MEDIAN,NOT APPLICABLE,5,OVERTURNED,True,VEHICLE CHANGING LANES,"250,000 POP AND OVER",NO,0632,0.387,US & STATE HIGHWAYS,"STRAIGHT, LEVEL",MINOR ARTERIAL,ON ROADWAY,"4 OR MORE LANES, UNDIVIDED",False,60,SH0361,DRY,MARKED LANES,CLEAR